"Volant Moteur ","MEC0001","code128","","C2","Pc","Pc","Pc","0","0","no_image.png","no_image.png","no_image.png","no_image.png"
"Kit Embrayage ","MEC0002","code128","","C2","Pc","Pc","Pc","0","0","no_image.png","no_image.png","no_image.png","no_image.png"
"Turbo ","MEC0003","code128","","C2","Pc","Pc","Pc","0","0","no_image.png","no_image.png","no_image.png","no_image.png"
"Poulie Vilebrequin ","MEC0004","code128","","C2","Pc","Pc","Pc","0","0","no_image.png","no_image.png","no_image.png","no_image.png"
"Kit Embrayage ","MEC0005","code128","","C2","Pc","Pc","Pc","0","0","no_image.png","no_image.png","no_image.png","no_image.png"
"Amortisseur Av ","MEC0006","code128","","C2","Pc","Pc","Pc","0","0","no_image.png","no_image.png","no_image.png","no_image.png"
"Mécatronique Boite Automatique","MEC0007","code128","","C2","Pc","Pc","Pc","0","0","no_image.png","no_image.png","no_image.png","no_image.png"
"Airbag Volant","MEC0008","code128","","C2","Pc","Pc","Pc","0","0","no_image.png","no_image.png","no_image.png","no_image.png"
"Airbag Passager","MEC0009","code128","","C2","Pc","Pc","Pc","0","0","no_image.png","no_image.png","no_image.png","no_image.png"
"Airbag Génaux","MEC0010","code128","","C2","Pc","Pc","Pc","0","0","no_image.png","no_image.png","no_image.png","no_image.png"
"Airbag Latéral D","MEC0011","code128","","C2","Pc","Pc","Pc","0","0","no_image.png","no_image.png","no_image.png","no_image.png"
"Airbag Latéral G","MEC0012","code128","","C2","Pc","Pc","Pc","0","0","no_image.png","no_image.png","no_image.png","no_image.png"
"Boitier Airbag","MEC0013","code128","","C2","Pc","Pc","Pc","0","0","no_image.png","no_image.png","no_image.png","no_image.png"
"Ceinture De Sécurité Avg","MEC0014","code128","","C2","Pc","Pc","Pc","0","0","no_image.png","no_image.png","no_image.png","no_image.png"
"Ceinture De Sécurité Avd","MEC0015","code128","","C2","Pc","Pc","Pc","0","0","no_image.png","no_image.png","no_image.png","no_image.png"
"Ceinture De Sécurité Ard","MEC0016","code128","","C2","Pc","Pc","Pc","0","0","no_image.png","no_image.png","no_image.png","no_image.png"
"Ceinture De Sécurité Arg","MEC0017","code128","","C2","Pc","Pc","Pc","0","0","no_image.png","no_image.png","no_image.png","no_image.png"
"Ceinture De Sécurité Ar Centrale","MEC0018","code128","","C2","Pc","Pc","Pc","0","0","no_image.png","no_image.png","no_image.png","no_image.png"
"Tringle Av  Gauche ","MEC0019","code128","","C2","Pc","Pc","Pc","0","0","no_image.png","no_image.png","no_image.png","no_image.png"
"Triangle Av Droit ","MEC0020","code128","","C2","Pc","Pc","Pc","0","0","no_image.png","no_image.png","no_image.png","no_image.png"
"Tuyau Retour  A Gasoil  ","MEC0021","code128","","C2","Pc","Pc","Pc","0","0","no_image.png","no_image.png","no_image.png","no_image.png"
"Kit Distribution","MEC0022","code128","","C2","Pc","Pc","Pc","0","0","no_image.png","no_image.png","no_image.png","no_image.png"
"Batterie","MEC0023","code128","","C2","Pc","Pc","Pc","0","0","no_image.png","no_image.png","no_image.png","no_image.png"
"Bras Suspension  G ","MEC0024","code128","","C2","Pc","Pc","Pc","0","0","no_image.png","no_image.png","no_image.png","no_image.png"
"Bras Suspension  D ","MEC0025","code128","","C2","Pc","Pc","Pc","0","0","no_image.png","no_image.png","no_image.png","no_image.png"
"Disque Frein Ar ","MEC0026","code128","","C2","Pc","Pc","Pc","0","0","no_image.png","no_image.png","no_image.png","no_image.png"
"Butée Embrayage ","MEC0027","code128","","C2","Pc","Pc","Pc","0","0","no_image.png","no_image.png","no_image.png","no_image.png"
"Amortisseur Ar","MEC0028","code128","","C2","Pc","Pc","Pc","0","0","no_image.png","no_image.png","no_image.png","no_image.png"
"Débitmètre Massique ","MEC0029","code128","","C2","Pc","Pc","Pc","0","0","no_image.png","no_image.png","no_image.png","no_image.png"
"Disques Av","MEC0030","code128","","C2","Pc","Pc","Pc","0","0","no_image.png","no_image.png","no_image.png","no_image.png"
"Embrayage Ventilateur ","MEC0031","code128","","C2","Pc","Pc","Pc","0","0","no_image.png","no_image.png","no_image.png","no_image.png"
"Amortisseur Av T203","MEC0032","code128","","C2","Pc","Pc","Pc","0","0","no_image.png","no_image.png","no_image.png","no_image.png"
"Radiateur Intercooler ","MEC0033","code128","","C2","Pc","Pc","Pc","0","0","no_image.png","no_image.png","no_image.png","no_image.png"
"Radiateur Huile Clio 4","MEC0034","code128","","C2","Pc","Pc","Pc","0","0","no_image.png","no_image.png","no_image.png","no_image.png"
"Jeux Disque Frein Av &","MEC0035","code128","","C2","Pc","Pc","Pc","0","0","no_image.png","no_image.png","no_image.png","no_image.png"
"Joint Culasse ","MEC0036","code128","","C2","Pc","Pc","Pc","0","0","no_image.png","no_image.png","no_image.png","no_image.png"
"Moyeu Roue ","MEC0037","code128","","C2","Pc","Pc","Pc","0","0","no_image.png","no_image.png","no_image.png","no_image.png"
"Carter Huile ","MEC0038","code128","","C2","Pc","Pc","Pc","0","0","no_image.png","no_image.png","no_image.png","no_image.png"
"Kit Chaine ","MEC0039","code128","","C2","Pc","Pc","Pc","0","0","no_image.png","no_image.png","no_image.png","no_image.png"
"Pompe A Eau ","MEC0040","code128","","C2","Pc","Pc","Pc","0","0","no_image.png","no_image.png","no_image.png","no_image.png"
"Jeux De Plaquettes Av ","MEC0041","code128","","C2","Pc","Pc","Pc","0","0","no_image.png","no_image.png","no_image.png","no_image.png"
"Pochette Joint ","MEC0042","code128","","C2","Pc","Pc","Pc","0","0","no_image.png","no_image.png","no_image.png","no_image.png"
"Tondeur ","MEC0043","code128","","C2","Pc","Pc","Pc","0","0","no_image.png","no_image.png","no_image.png","no_image.png"
"Pompe A Eau ","MEC0044","code128","","C2","Pc","Pc","Pc","0","0","no_image.png","no_image.png","no_image.png","no_image.png"
"Pompe  Assiste ","MEC0045","code128","","C2","Pc","Pc","Pc","0","0","no_image.png","no_image.png","no_image.png","no_image.png"
"Coupleur ","MEC0046","code128","","C2","Pc","Pc","Pc","0","0","no_image.png","no_image.png","no_image.png","no_image.png"
"Jeux Plaquette Ar ","MEC0047","code128","","C2","Pc","Pc","Pc","0","0","no_image.png","no_image.png","no_image.png","no_image.png"
"Arrêt Huile Moteur","MEC0048","code128","","C2","Pc","Pc","Pc","0","0","no_image.png","no_image.png","no_image.png","no_image.png"
"Joint Porte Avd","MEC0049","code128","","C2","Pc","Pc","Pc","0","0","no_image.png","no_image.png","no_image.png","no_image.png"
"Joint Porte Avg","MEC0050","code128","","C2","Pc","Pc","Pc","0","0","no_image.png","no_image.png","no_image.png","no_image.png"
"Joint Porte Arg","MEC0051","code128","","C2","Pc","Pc","Pc","0","0","no_image.png","no_image.png","no_image.png","no_image.png"
"Joint Porte Ard","MEC0052","code128","","C2","Pc","Pc","Pc","0","0","no_image.png","no_image.png","no_image.png","no_image.png"
"Support Moteur ","MEC0053","code128","","C2","Pc","Pc","Pc","0","0","no_image.png","no_image.png","no_image.png","no_image.png"
"Tondeur Courroie","MEC0054","code128","","C2","Pc","Pc","Pc","0","0","no_image.png","no_image.png","no_image.png","no_image.png"
"Vase D’eau","MEC0055","code128","","C2","Pc","Pc","Pc","0","0","no_image.png","no_image.png","no_image.png","no_image.png"
"Moyeu De Roue Ar ","MEC0056","code128","","C2","Pc","Pc","Pc","0","0","no_image.png","no_image.png","no_image.png","no_image.png"
"Amortisseur Ar ","MEC0057","code128","","C2","Pc","Pc","Pc","0","0","no_image.png","no_image.png","no_image.png","no_image.png"
"Durette Air Massique ","MEC0058","code128","","C2","Pc","Pc","Pc","0","0","no_image.png","no_image.png","no_image.png","no_image.png"
"Thermostat ","MEC0059","code128","","C2","Pc","Pc","Pc","0","0","no_image.png","no_image.png","no_image.png","no_image.png"
"Poulie Vilebrequin","MEC0060","code128","","C2","Pc","Pc","Pc","0","0","no_image.png","no_image.png","no_image.png","no_image.png"
"Kit Alternateur ","MEC0061","code128","","C2","Pc","Pc","Pc","0","0","no_image.png","no_image.png","no_image.png","no_image.png"
"Joint Culasse ","MEC0062","code128","","C2","Pc","Pc","Pc","0","0","no_image.png","no_image.png","no_image.png","no_image.png"
"Arrêt D ' Huile ","MEC0063","code128","","C2","Pc","Pc","Pc","0","0","no_image.png","no_image.png","no_image.png","no_image.png"
"Tringle Av D","MEC0064","code128","","C2","Pc","Pc","Pc","0","0","no_image.png","no_image.png","no_image.png","no_image.png"
"Triangle Av G","MEC0065","code128","","C2","Pc","Pc","Pc","0","0","no_image.png","no_image.png","no_image.png","no_image.png"
"Support Chassie ","MEC0066","code128","","C2","Pc","Pc","Pc","0","0","no_image.png","no_image.png","no_image.png","no_image.png"
"Bobine Allumage ","MEC0067","code128","","C2","Pc","Pc","Pc","0","0","no_image.png","no_image.png","no_image.png","no_image.png"
"Support Moteur  ""G""","MEC0068","code128","","C2","Pc","Pc","Pc","0","0","no_image.png","no_image.png","no_image.png","no_image.png"
"Support Moteur  ""D""","MEC0069","code128","","C2","Pc","Pc","Pc","0","0","no_image.png","no_image.png","no_image.png","no_image.png"
"Butée Hydraulique ","MEC0070","code128","","C2","Pc","Pc","Pc","0","0","no_image.png","no_image.png","no_image.png","no_image.png"
"Tuyau De Retour ","MEC0071","code128","","C2","Pc","Pc","Pc","0","0","no_image.png","no_image.png","no_image.png","no_image.png"
"Poulie Alternateur","MEC0072","code128","","C2","Pc","Pc","Pc","0","0","no_image.png","no_image.png","no_image.png","no_image.png"
"Flecteur Cardan ","MEC0073","code128","","C2","Pc","Pc","Pc","0","0","no_image.png","no_image.png","no_image.png","no_image.png"
"Moyeu Roue ","MEC0074","code128","","C2","Pc","Pc","Pc","0","0","no_image.png","no_image.png","no_image.png","no_image.png"
"Butée Embrayage","MEC0075","code128","","C2","Pc","Pc","Pc","0","0","no_image.png","no_image.png","no_image.png","no_image.png"
"Joint Culasse ","MEC0076","code128","","C2","Pc","Pc","Pc","0","0","no_image.png","no_image.png","no_image.png","no_image.png"
"Emetteur Embrayage ","MEC0077","code128","","C2","Pc","Pc","Pc","0","0","no_image.png","no_image.png","no_image.png","no_image.png"
"Moyeu Roue Ar ","MEC0078","code128","","C2","Pc","Pc","Pc","0","0","no_image.png","no_image.png","no_image.png","no_image.png"
"Commande Electrique ","MEC0079","code128","","C2","Pc","Pc","Pc","0","0","no_image.png","no_image.png","no_image.png","no_image.png"
"Durette Turbo","MEC0080","code128","","C2","Pc","Pc","Pc","0","0","no_image.png","no_image.png","no_image.png","no_image.png"
"Pochette Rodage ","MEC0081","code128","","C2","Pc","Pc","Pc","0","0","no_image.png","no_image.png","no_image.png","no_image.png"
"Tendeur","MEC0082","code128","","C2","Pc","Pc","Pc","0","0","no_image.png","no_image.png","no_image.png","no_image.png"
"Moyeu","MEC0083","code128","","C2","Pc","Pc","Pc","0","0","no_image.png","no_image.png","no_image.png","no_image.png"
"Pompe Embrayage ","MEC0084","code128","","C2","Pc","Pc","Pc","0","0","no_image.png","no_image.png","no_image.png","no_image.png"
"Butte Embrayage ","MEC0085","code128","","C2","Pc","Pc","Pc","0","0","no_image.png","no_image.png","no_image.png","no_image.png"
"Filtre A  Gasoil ","MEC0086","code128","","C2","Pc","Pc","Pc","0","0","no_image.png","no_image.png","no_image.png","no_image.png"
"Huile Moteur","MEC0087","code128","","C2","Pc","Pc","Pc","0","0","no_image.png","no_image.png","no_image.png","no_image.png"
"Kit Roulement Av ","MEC0088","code128","","C2","Pc","Pc","Pc","0","0","no_image.png","no_image.png","no_image.png","no_image.png"
"Bras Avg","MEC0089","code128","","C2","Pc","Pc","Pc","0","0","no_image.png","no_image.png","no_image.png","no_image.png"
"Bras Avd","MEC0090","code128","","C2","Pc","Pc","Pc","0","0","no_image.png","no_image.png","no_image.png","no_image.png"
"Pompe Frein","MEC0091","code128","","C2","Pc","Pc","Pc","0","0","no_image.png","no_image.png","no_image.png","no_image.png"
"Capteur ","MEC0092","code128","","C2","Pc","Pc","Pc","0","0","no_image.png","no_image.png","no_image.png","no_image.png"
"Kit Alternateur Dci Renault ","MEC0093","code128","","C2","Pc","Pc","Pc","0","0","no_image.png","no_image.png","no_image.png","no_image.png"
"Kit Sillent Bloc","MEC0094","code128","","C2","Pc","Pc","Pc","0","0","no_image.png","no_image.png","no_image.png","no_image.png"
"Joint Culasse ","MEC0095","code128","","C2","Pc","Pc","Pc","0","0","no_image.png","no_image.png","no_image.png","no_image.png"
"Plateau D'embrayage","MEC0096","code128","","C2","Pc","Pc","Pc","0","0","no_image.png","no_image.png","no_image.png","no_image.png"
"Support Boite Vitesse","MEC0097","code128","","C2","Pc","Pc","Pc","0","0","no_image.png","no_image.png","no_image.png","no_image.png"
"Jeux Segment","MEC0098","code128","","C2","Pc","Pc","Pc","0","0","no_image.png","no_image.png","no_image.png","no_image.png"
"Kit Support Amortisseur","MEC0099","code128","","C2","Pc","Pc","Pc","0","0","no_image.png","no_image.png","no_image.png","no_image.png"
"Commutateur","MEC0100","code128","","C2","Pc","Pc","Pc","0","0","no_image.png","no_image.png","no_image.png","no_image.png"
"Pompe Embrayage","MEC0101","code128","","C2","Pc","Pc","Pc","0","0","no_image.png","no_image.png","no_image.png","no_image.png"
"Filtre A  Air ","MEC0102","code128","","C2","Pc","Pc","Pc","0","0","no_image.png","no_image.png","no_image.png","no_image.png"
"Barre Direction","MEC0103","code128","","C2","Pc","Pc","Pc","0","0","no_image.png","no_image.png","no_image.png","no_image.png"
"Filtre A Gasoil +","MEC0104","code128","","C2","Pc","Pc","Pc","0","0","no_image.png","no_image.png","no_image.png","no_image.png"
"Butée Hydraulique  ","MEC0105","code128","","C2","Pc","Pc","Pc","0","0","no_image.png","no_image.png","no_image.png","no_image.png"
" Tète Cardan ","MEC0106","code128","","C2","Pc","Pc","Pc","0","0","no_image.png","no_image.png","no_image.png","no_image.png"
"Pompe Carburant ","MEC0107","code128","","C2","Pc","Pc","Pc","0","0","no_image.png","no_image.png","no_image.png","no_image.png"
"Support Amortisseur ","MEC0108","code128","","C2","Pc","Pc","Pc","0","0","no_image.png","no_image.png","no_image.png","no_image.png"
"Filtre Boite Vitesse ","MEC0109","code128","","C2","Pc","Pc","Pc","0","0","no_image.png","no_image.png","no_image.png","no_image.png"
"Capteur ","MEC0110","code128","","C2","Pc","Pc","Pc","0","0","no_image.png","no_image.png","no_image.png","no_image.png"
"Pochette Joint ","MEC0111","code128","","C2","Pc","Pc","Pc","0","0","no_image.png","no_image.png","no_image.png","no_image.png"
"Plaquette Av ","MEC0112","code128","","C2","Pc","Pc","Pc","0","0","no_image.png","no_image.png","no_image.png","no_image.png"
"Thermostat","MEC0113","code128","","C2","Pc","Pc","Pc","0","0","no_image.png","no_image.png","no_image.png","no_image.png"
"Joint Cache Soupape ","MEC0114","code128","","C2","Pc","Pc","Pc","0","0","no_image.png","no_image.png","no_image.png","no_image.png"
"Filtre Essence  ","MEC0115","code128","","C2","Pc","Pc","Pc","0","0","no_image.png","no_image.png","no_image.png","no_image.png"
"Maitre Cylindre De Frein ","MEC0116","code128","","C2","Pc","Pc","Pc","0","0","no_image.png","no_image.png","no_image.png","no_image.png"
"Capteur Pression Roues ","MEC0117","code128","","C2","Pc","Pc","Pc","0","0","no_image.png","no_image.png","no_image.png","no_image.png"
"Support Boite Automatique ","MEC0118","code128","","C2","Pc","Pc","Pc","0","0","no_image.png","no_image.png","no_image.png","no_image.png"
"Support Cardan ","MEC0119","code128","","C2","Pc","Pc","Pc","0","0","no_image.png","no_image.png","no_image.png","no_image.png"
"Capteur Position Vilebrequin","MEC0120","code128","","C2","Pc","Pc","Pc","0","0","no_image.png","no_image.png","no_image.png","no_image.png"
"Courroie Grantee  ","MEC0121","code128","","C2","Pc","Pc","Pc","0","0","no_image.png","no_image.png","no_image.png","no_image.png"
"Axe Fusee","MEC0122","code128","","C2","Pc","Pc","Pc","0","0","no_image.png","no_image.png","no_image.png","no_image.png"
"Fusee Avd ","MEC0123","code128","","C2","Pc","Pc","Pc","0","0","no_image.png","no_image.png","no_image.png","no_image.png"
"Fusee Avg","MEC0124","code128","","C2","Pc","Pc","Pc","0","0","no_image.png","no_image.png","no_image.png","no_image.png"
"Répartiteur Frein ","MEC0125","code128","","C2","Pc","Pc","Pc","0","0","no_image.png","no_image.png","no_image.png","no_image.png"
"Rotule  D","MEC0126","code128","","C2","Pc","Pc","Pc","0","0","no_image.png","no_image.png","no_image.png","no_image.png"
"Rotule  G","MEC0127","code128","","C2","Pc","Pc","Pc","0","0","no_image.png","no_image.png","no_image.png","no_image.png"
"Capteur  Filtre A Particulier ","MEC0128","code128","","C2","Pc","Pc","Pc","0","0","no_image.png","no_image.png","no_image.png","no_image.png"
"Capteur Vilebrequin ","MEC0129","code128","","C2","Pc","Pc","Pc","0","0","no_image.png","no_image.png","no_image.png","no_image.png"
"Agraf","MEC0130","code128","","C2","Pc","Pc","Pc","0","0","no_image.png","no_image.png","no_image.png","no_image.png"
"Cable Embrayage","MEC0131","code128","","C2","Pc","Pc","Pc","0","0","no_image.png","no_image.png","no_image.png","no_image.png"
"Biellette Secousse ","MEC0132","code128","","C2","Pc","Pc","Pc","0","0","no_image.png","no_image.png","no_image.png","no_image.png"
"Pompe A Eau ","MEC0133","code128","","C2","Pc","Pc","Pc","0","0","no_image.png","no_image.png","no_image.png","no_image.png"
"Sillent Bloc ","MEC0134","code128","","C2","Pc","Pc","Pc","0","0","no_image.png","no_image.png","no_image.png","no_image.png"
"Durette Radiateur ","MEC0135","code128","","C2","Pc","Pc","Pc","0","0","no_image.png","no_image.png","no_image.png","no_image.png"
"Ventilateur ","MEC0136","code128","","C2","Pc","Pc","Pc","0","0","no_image.png","no_image.png","no_image.png","no_image.png"
"Moto Ventilateur ","MEC0137","code128","","C2","Pc","Pc","Pc","0","0","no_image.png","no_image.png","no_image.png","no_image.png"
"Flecture Cardan Ar ","MEC0138","code128","","C2","Pc","Pc","Pc","0","0","no_image.png","no_image.png","no_image.png","no_image.png"
"Feu Arg","MEC0139","code128","","C2","Pc","Pc","Pc","0","0","no_image.png","no_image.png","no_image.png","no_image.png"
"Cache Soupape ","MEC0140","code128","","C2","Pc","Pc","Pc","0","0","no_image.png","no_image.png","no_image.png","no_image.png"
"Filtre A Essence ","MEC0141","code128","","C2","Pc","Pc","Pc","0","0","no_image.png","no_image.png","no_image.png","no_image.png"
"Tendeur Distribution","MEC0142","code128","","C2","Pc","Pc","Pc","0","0","no_image.png","no_image.png","no_image.png","no_image.png"
"Courroie Dentée ","MEC0143","code128","","C2","Pc","Pc","Pc","0","0","no_image.png","no_image.png","no_image.png","no_image.png"
"Sillent Bloc","MEC0144","code128","","C2","Pc","Pc","Pc","0","0","no_image.png","no_image.png","no_image.png","no_image.png"
"Amortisseur Tendeur","MEC0145","code128","","C2","Pc","Pc","Pc","0","0","no_image.png","no_image.png","no_image.png","no_image.png"
"Capteur Vilebrequin ","MEC0146","code128","","C2","Pc","Pc","Pc","0","0","no_image.png","no_image.png","no_image.png","no_image.png"
"Roulement","MEC0147","code128","","C2","Pc","Pc","Pc","0","0","no_image.png","no_image.png","no_image.png","no_image.png"
"Kit Roulement Av ","MEC0148","code128","","C2","Pc","Pc","Pc","0","0","no_image.png","no_image.png","no_image.png","no_image.png"
"Radiateur  Chauffage ","MEC0149","code128","","C2","Pc","Pc","Pc","0","0","no_image.png","no_image.png","no_image.png","no_image.png"
"Jeux Coussinet ","MEC0150","code128","","C2","Pc","Pc","Pc","0","0","no_image.png","no_image.png","no_image.png","no_image.png"
"Cable Embrayage ","MEC0151","code128","","C2","Pc","Pc","Pc","0","0","no_image.png","no_image.png","no_image.png","no_image.png"
"Amortisseur Courroie M190/M250 Etg","MEC0152","code128","","C2","Pc","Pc","Pc","0","0","no_image.png","no_image.png","no_image.png","no_image.png"
"Culasse ","MEC0153","code128","","C2","Pc","Pc","Pc","0","0","no_image.png","no_image.png","no_image.png","no_image.png"
"Courroie A Nervures","MEC0154","code128","","C2","Pc","Pc","Pc","0","0","no_image.png","no_image.png","no_image.png","no_image.png"
"Pipette Thermostat ","MEC0155","code128","","C2","Pc","Pc","Pc","0","0","no_image.png","no_image.png","no_image.png","no_image.png"
"Amortisseur Direction","MEC0156","code128","","C2","Pc","Pc","Pc","0","0","no_image.png","no_image.png","no_image.png","no_image.png"
"Poulie Courroie","MEC0157","code128","","C2","Pc","Pc","Pc","0","0","no_image.png","no_image.png","no_image.png","no_image.png"
"Poulie Alternateur","MEC0158","code128","","C2","Pc","Pc","Pc","0","0","no_image.png","no_image.png","no_image.png","no_image.png"
"Arret d'huile Soupape ","MEC0159","code128","","C2","Pc","Pc","Pc","0","0","no_image.png","no_image.png","no_image.png","no_image.png"
"Joint Male ","MEC0160","code128","","C2","Pc","Pc","Pc","0","0","no_image.png","no_image.png","no_image.png","no_image.png"
"Chappe Direction Mer Droit  ","MEC0161","code128","","C2","Pc","Pc","Pc","0","0","no_image.png","no_image.png","no_image.png","no_image.png"
"Chappe Direction Mer Gauche ","MEC0162","code128","","C2","Pc","Pc","Pc","0","0","no_image.png","no_image.png","no_image.png","no_image.png"
"Amortisseur Direction ","MEC0163","code128","","C2","Pc","Pc","Pc","0","0","no_image.png","no_image.png","no_image.png","no_image.png"
"Durite Radiateur ","MEC0164","code128","","C2","Pc","Pc","Pc","0","0","no_image.png","no_image.png","no_image.png","no_image.png"
"Courroie Striée","MEC0165","code128","","C2","Pc","Pc","Pc","0","0","no_image.png","no_image.png","no_image.png","no_image.png"
"Pompe A Eau ","MEC0166","code128","","C2","Pc","Pc","Pc","0","0","no_image.png","no_image.png","no_image.png","no_image.png"
"Câble Compteur","MEC0167","code128","","C2","Pc","Pc","Pc","0","0","no_image.png","no_image.png","no_image.png","no_image.png"
"Poulie Arbre A Cam","MEC0168","code128","","C2","Pc","Pc","Pc","0","0","no_image.png","no_image.png","no_image.png","no_image.png"
"Axe Pivot ","MEC0169","code128","","C2","Pc","Pc","Pc","0","0","no_image.png","no_image.png","no_image.png","no_image.png"
"Corps Pompe A Eau ","MEC0170","code128","","C2","Pc","Pc","Pc","0","0","no_image.png","no_image.png","no_image.png","no_image.png"
"Rotule","MEC0171","code128","","C2","Pc","Pc","Pc","0","0","no_image.png","no_image.png","no_image.png","no_image.png"
"Câble Compteur ","MEC0172","code128","","C2","Pc","Pc","Pc","0","0","no_image.png","no_image.png","no_image.png","no_image.png"
"Arrêt Huile ","MEC0173","code128","","C2","Pc","Pc","Pc","0","0","no_image.png","no_image.png","no_image.png","no_image.png"
"Huile Moteur 10w40","MEC0174","code128","","C2","Pc","Pc","Pc","0","0","no_image.png","no_image.png","no_image.png","no_image.png"
"Huile Moteur 5w40 ","MEC0175","code128","","C2","Pc","Pc","Pc","0","0","no_image.png","no_image.png","no_image.png","no_image.png"
"Huile Moteur 5w30","MEC0176","code128","","C2","Pc","Pc","Pc","0","0","no_image.png","no_image.png","no_image.png","no_image.png"
"Tuyau Eau ","MEC0177","code128","","C2","Pc","Pc","Pc","0","0","no_image.png","no_image.png","no_image.png","no_image.png"
"Vase Eau ","MEC0178","code128","","C2","Pc","Pc","Pc","0","0","no_image.png","no_image.png","no_image.png","no_image.png"
"Butte ","MEC0179","code128","","C2","Pc","Pc","Pc","0","0","no_image.png","no_image.png","no_image.png","no_image.png"
"Témoin Plaquette ","MEC0180","code128","","C2","Pc","Pc","Pc","0","0","no_image.png","no_image.png","no_image.png","no_image.png"
"Bougie Préchauffage ","MEC0181","code128","","C2","Pc","Pc","Pc","0","0","no_image.png","no_image.png","no_image.png","no_image.png"
"Chappe Direction ","MEC0182","code128","","C2","Pc","Pc","Pc","0","0","no_image.png","no_image.png","no_image.png","no_image.png"
"Boitier Filtre A Air","MEC0183","code128","","C2","Pc","Pc","Pc","0","0","no_image.png","no_image.png","no_image.png","no_image.png"
"Ad Bleu ","MEC0184","code128","","C2","Pc","Pc","Pc","0","0","no_image.png","no_image.png","no_image.png","no_image.png"
"Kit Soufflet","MEC0185","code128","","C2","Pc","Pc","Pc","0","0","no_image.png","no_image.png","no_image.png","no_image.png"
"Interrupteur ","MEC0186","code128","","C2","Pc","Pc","Pc","0","0","no_image.png","no_image.png","no_image.png","no_image.png"
"Cable Frein A Main","MEC0187","code128","","C2","Pc","Pc","Pc","0","0","no_image.png","no_image.png","no_image.png","no_image.png"
"Mano  Stop ","MEC0188","code128","","C2","Pc","Pc","Pc","0","0","no_image.png","no_image.png","no_image.png","no_image.png"
"Kit Soufflet Cardan ","MEC0189","code128","","C2","Pc","Pc","Pc","0","0","no_image.png","no_image.png","no_image.png","no_image.png"
"Cylindre De Roue ","MEC0190","code128","","C2","Pc","Pc","Pc","0","0","no_image.png","no_image.png","no_image.png","no_image.png"
"Filtre Habitacle ","MEC0191","code128","","C2","Pc","Pc","Pc","0","0","no_image.png","no_image.png","no_image.png","no_image.png"
"Pipe d'eau ","MEC0192","code128","","C2","Pc","Pc","Pc","0","0","no_image.png","no_image.png","no_image.png","no_image.png"
"Pignon Compteur ","MEC0193","code128","","C2","Pc","Pc","Pc","0","0","no_image.png","no_image.png","no_image.png","no_image.png"
"Sillent Bloc Crémaillère","MEC0194","code128","","C2","Pc","Pc","Pc","0","0","no_image.png","no_image.png","no_image.png","no_image.png"
"Crémaillère  ","MEC0195","code128","","C2","Pc","Pc","Pc","0","0","no_image.png","no_image.png","no_image.png","no_image.png"
"Interrupteur Lève Glace","MEC0196","code128","","C2","Pc","Pc","Pc","0","0","no_image.png","no_image.png","no_image.png","no_image.png"
"Bougie Préchauffage ","MEC0197","code128","","C2","Pc","Pc","Pc","0","0","no_image.png","no_image.png","no_image.png","no_image.png"
"Bouchon Vase D'eau  ","MEC0198","code128","","C2","Pc","Pc","Pc","0","0","no_image.png","no_image.png","no_image.png","no_image.png"
"Injecteur ","MEC0199","code128","","C2","Pc","Pc","Pc","0","0","no_image.png","no_image.png","no_image.png","no_image.png"
"Pompe A Gasoil","MEC0200","code128","","C2","Pc","Pc","Pc","0","0","no_image.png","no_image.png","no_image.png","no_image.png"
"Joint Carter","MEC0201","code128","","C2","Pc","Pc","Pc","0","0","no_image.png","no_image.png","no_image.png","no_image.png"
"Capteur Vitesse De Roue ","MEC0202","code128","","C2","Pc","Pc","Pc","0","0","no_image.png","no_image.png","no_image.png","no_image.png"
"Mano Radiateur","MEC0203","code128","","C2","Pc","Pc","Pc","0","0","no_image.png","no_image.png","no_image.png","no_image.png"
"Joint Torique Injecteur ","MEC0204","code128","","C2","Pc","Pc","Pc","0","0","no_image.png","no_image.png","no_image.png","no_image.png"
"Témoin Filtre A Gazoil ","MEC0205","code128","","C2","Pc","Pc","Pc","0","0","no_image.png","no_image.png","no_image.png","no_image.png"
"Pare Soleil  Droit ","MEC0206","code128","","C2","Pc","Pc","Pc","0","0","no_image.png","no_image.png","no_image.png","no_image.png"
"Pare Soleil  Gauche  ","MEC0207","code128","","C2","Pc","Pc","Pc","0","0","no_image.png","no_image.png","no_image.png","no_image.png"
"Soufflet Crémaillère ","MEC0208","code128","","C2","Pc","Pc","Pc","0","0","no_image.png","no_image.png","no_image.png","no_image.png"
"Pompe Lave Glace ","MEC0209","code128","","C2","Pc","Pc","Pc","0","0","no_image.png","no_image.png","no_image.png","no_image.png"
"Mano Marche Ar ","MEC0210","code128","","C2","Pc","Pc","Pc","0","0","no_image.png","no_image.png","no_image.png","no_image.png"
"Stop Moteur ","MEC0211","code128","","C2","Pc","Pc","Pc","0","0","no_image.png","no_image.png","no_image.png","no_image.png"
"Tondeur Chaine Distribution ","MEC0212","code128","","C2","Pc","Pc","Pc","0","0","no_image.png","no_image.png","no_image.png","no_image.png"
"Biellette Ar","MEC0213","code128","","C2","Pc","Pc","Pc","0","0","no_image.png","no_image.png","no_image.png","no_image.png"
"Antigel Rouge ","MEC0214","code128","","C2","Pc","Pc","Pc","0","0","no_image.png","no_image.png","no_image.png","no_image.png"
"Antigel Bleu ","MEC0215","code128","","C2","Pc","Pc","Pc","0","0","no_image.png","no_image.png","no_image.png","no_image.png"
"Mano De Température","MEC0216","code128","","C2","Pc","Pc","Pc","0","0","no_image.png","no_image.png","no_image.png","no_image.png"
"Poussoir ","MEC0217","code128","","C2","Pc","Pc","Pc","0","0","no_image.png","no_image.png","no_image.png","no_image.png"
"Ballai Essuie Glace Av","MEC0218","code128","","C2","Pc","Pc","Pc","0","0","no_image.png","no_image.png","no_image.png","no_image.png"
"Ballai Essuie Glace Ar","MEC0219","code128","","C2","Pc","Pc","Pc","0","0","no_image.png","no_image.png","no_image.png","no_image.png"
"Caoutchouc Amortisseur ","MEC0220","code128","","C2","Pc","Pc","Pc","0","0","no_image.png","no_image.png","no_image.png","no_image.png"
"Huile Boite A Vitesse  75w90 ","MEC0221","code128","","C2","Pc","Pc","Pc","0","0","no_image.png","no_image.png","no_image.png","no_image.png"
"Poussoir Hydraulique ","MEC0222","code128","","C2","Pc","Pc","Pc","0","0","no_image.png","no_image.png","no_image.png","no_image.png"
"Jeux Arrêt D'huile Soupape","MEC0223","code128","","C2","Pc","Pc","Pc","0","0","no_image.png","no_image.png","no_image.png","no_image.png"
"Pompe D'amorçage ","MEC0224","code128","","C2","Pc","Pc","Pc","0","0","no_image.png","no_image.png","no_image.png","no_image.png"
"La Tresse ","MEC0225","code128","","C2","Pc","Pc","Pc","0","0","no_image.png","no_image.png","no_image.png","no_image.png"
"Mano Marche Ar ","MEC0226","code128","","C2","Pc","Pc","Pc","0","0","no_image.png","no_image.png","no_image.png","no_image.png"
"Cylindre Coussinet Bielle ","MEC0227","code128","","C2","Pc","Pc","Pc","0","0","no_image.png","no_image.png","no_image.png","no_image.png"
"Bougie Allumage ","MEC0228","code128","","C2","Pc","Pc","Pc","0","0","no_image.png","no_image.png","no_image.png","no_image.png"
"Joint Carter","MEC0229","code128","","C2","Pc","Pc","Pc","0","0","no_image.png","no_image.png","no_image.png","no_image.png"
"Clapet Anti Retour","MEC0230","code128","","C2","Pc","Pc","Pc","0","0","no_image.png","no_image.png","no_image.png","no_image.png"
"Rondelle Injecteur","MEC0231","code128","","C2","Pc","Pc","Pc","0","0","no_image.png","no_image.png","no_image.png","no_image.png"
"Bague Levier Vitesse ","MEC0232","code128","","C2","Pc","Pc","Pc","0","0","no_image.png","no_image.png","no_image.png","no_image.png"
"Joint Pompe A Gasoil","MEC0233","code128","","C2","Pc","Pc","Pc","0","0","no_image.png","no_image.png","no_image.png","no_image.png"
"Caoutchouc Injection ","MEC0234","code128","","C2","Pc","Pc","Pc","0","0","no_image.png","no_image.png","no_image.png","no_image.png"
"Joint Vidange","MEC0235","code128","","C2","Pc","Pc","Pc","0","0","no_image.png","no_image.png","no_image.png","no_image.png"
"Peau D'échappement ","MEC0236","code128","","C2","Pc","Pc","Pc","0","0","no_image.png","no_image.png","no_image.png","no_image.png"
"Catalyseur ","MEC0237","code128","","C2","Pc","Pc","Pc","0","0","no_image.png","no_image.png","no_image.png","no_image.png"
"Silence D'échappement ","MEC0238","code128","","C2","Pc","Pc","Pc","0","0","no_image.png","no_image.png","no_image.png","no_image.png"
"Par Choc Avant","CAR0001","code128","","C1","Pc","Pc","Pc","0","0","no_image.png","no_image.png","no_image.png","no_image.png"
"Jupe Pare Choc Av","CAR0002","code128","","C1","Pc","Pc","Pc","0","0","no_image.png","no_image.png","no_image.png","no_image.png"
"Fixation Pare Choc Avg","CAR0003","code128","","C1","Pc","Pc","Pc","0","0","no_image.png","no_image.png","no_image.png","no_image.png"
"Fixation Pare Choc Avd","CAR0004","code128","","C1","Pc","Pc","Pc","0","0","no_image.png","no_image.png","no_image.png","no_image.png"
"Jeu De Fixation Avant","CAR0005","code128","","C1","Pc","Pc","Pc","0","0","no_image.png","no_image.png","no_image.png","no_image.png"
"Grille Pare Choc Av","CAR0006","code128","","C1","Pc","Pc","Pc","0","0","no_image.png","no_image.png","no_image.png","no_image.png"
"Enjoliveur Pare Choc Av","CAR0007","code128","","C1","Pc","Pc","Pc","0","0","no_image.png","no_image.png","no_image.png","no_image.png"
"Absorbeur De Pare Choc Av","CAR0008","code128","","C1","Pc","Pc","Pc","0","0","no_image.png","no_image.png","no_image.png","no_image.png"
"Sabot Avd","CAR0009","code128","","C1","Pc","Pc","Pc","0","0","no_image.png","no_image.png","no_image.png","no_image.png"
"Sabot Avg","CAR0010","code128","","C1","Pc","Pc","Pc","0","0","no_image.png","no_image.png","no_image.png","no_image.png"
"Pare-choc Centrale Av","CAR0011","code128","","C1","Pc","Pc","Pc","0","0","no_image.png","no_image.png","no_image.png","no_image.png"
"Enjoliveur Anti Brouillard Avd","CAR0012","code128","","C1","Pc","Pc","Pc","0","0","no_image.png","no_image.png","no_image.png","no_image.png"
"Enjoliveur Anti Brouillard Avg","CAR0013","code128","","C1","Pc","Pc","Pc","0","0","no_image.png","no_image.png","no_image.png","no_image.png"
"Cache Anti Brouillard Avd","CAR0014","code128","","C1","Pc","Pc","Pc","0","0","no_image.png","no_image.png","no_image.png","no_image.png"
"Cache Anti Brouillard Avg","CAR0015","code128","","C1","Pc","Pc","Pc","0","0","no_image.png","no_image.png","no_image.png","no_image.png"
"Renfort De Pare Choc Av","CAR0016","code128","","C1","Pc","Pc","Pc","0","0","no_image.png","no_image.png","no_image.png","no_image.png"
"Calandre Avant","CAR0017","code128","","C1","Pc","Pc","Pc","0","0","no_image.png","no_image.png","no_image.png","no_image.png"
"Grille De Calandre Av","CAR0018","code128","","C1","Pc","Pc","Pc","0","0","no_image.png","no_image.png","no_image.png","no_image.png"
"Plage Calandre Av","CAR0019","code128","","C1","Pc","Pc","Pc","0","0","no_image.png","no_image.png","no_image.png","no_image.png"
"Enjoliveur Calandre Av","CAR0020","code128","","C1","Pc","Pc","Pc","0","0","no_image.png","no_image.png","no_image.png","no_image.png"
"Chromée De Calandre Av","CAR0021","code128","","C1","Pc","Pc","Pc","0","0","no_image.png","no_image.png","no_image.png","no_image.png"
"Fixation De Calandre Av","CAR0022","code128","","C1","Pc","Pc","Pc","0","0","no_image.png","no_image.png","no_image.png","no_image.png"
"Grille Calandre Avd","CAR0023","code128","","C1","Pc","Pc","Pc","0","0","no_image.png","no_image.png","no_image.png","no_image.png"
"Monogramme Av","CAR0024","code128","","C1","Pc","Pc","Pc","0","0","no_image.png","no_image.png","no_image.png","no_image.png"
"Sigle Av","CAR0025","code128","","C1","Pc","Pc","Pc","0","0","no_image.png","no_image.png","no_image.png","no_image.png"
"Anti Brouillard Avd","CAR0026","code128","","C1","Pc","Pc","Pc","0","0","no_image.png","no_image.png","no_image.png","no_image.png"
"Anti Brouillard Avg","CAR0027","code128","","C1","Pc","Pc","Pc","0","0","no_image.png","no_image.png","no_image.png","no_image.png"
"Support Antibrouillard Avd","CAR0028","code128","","C1","Pc","Pc","Pc","0","0","no_image.png","no_image.png","no_image.png","no_image.png"
"Support Antibrouillard Avg","CAR0029","code128","","C1","Pc","Pc","Pc","0","0","no_image.png","no_image.png","no_image.png","no_image.png"
"Capot Moteur ","CAR0030","code128","","C1","Pc","Pc","Pc","0","0","no_image.png","no_image.png","no_image.png","no_image.png"
"Charnière Capot Avd","CAR0031","code128","","C1","Pc","Pc","Pc","0","0","no_image.png","no_image.png","no_image.png","no_image.png"
"Charnière Capot Avg","CAR0032","code128","","C1","Pc","Pc","Pc","0","0","no_image.png","no_image.png","no_image.png","no_image.png"
"En Lécheur Avd","CAR0033","code128","","C1","Pc","Pc","Pc","0","0","no_image.png","no_image.png","no_image.png","no_image.png"
"En Lécheur Avg","CAR0034","code128","","C1","Pc","Pc","Pc","0","0","no_image.png","no_image.png","no_image.png","no_image.png"
"Serrure De Capot","CAR0035","code128","","C1","Pc","Pc","Pc","0","0","no_image.png","no_image.png","no_image.png","no_image.png"
"Vérin De Capot","CAR0036","code128","","C1","Pc","Pc","Pc","0","0","no_image.png","no_image.png","no_image.png","no_image.png"
"Cache Thermique Capot Av","CAR0037","code128","","C1","Pc","Pc","Pc","0","0","no_image.png","no_image.png","no_image.png","no_image.png"
"Tiret Capot","CAR0038","code128","","C1","Pc","Pc","Pc","0","0","no_image.png","no_image.png","no_image.png","no_image.png"
"Gauche De Capot","CAR0039","code128","","C1","Pc","Pc","Pc","0","0","no_image.png","no_image.png","no_image.png","no_image.png"
"Masque Avant","CAR0040","code128","","C1","Pc","Pc","Pc","0","0","no_image.png","no_image.png","no_image.png","no_image.png"
"Traverse Avant","CAR0041","code128","","C1","Pc","Pc","Pc","0","0","no_image.png","no_image.png","no_image.png","no_image.png"
"Optique Avd","CAR0042","code128","","C1","Pc","Pc","Pc","0","0","no_image.png","no_image.png","no_image.png","no_image.png"
"Optique Avg","CAR0043","code128","","C1","Pc","Pc","Pc","0","0","no_image.png","no_image.png","no_image.png","no_image.png"
"Boitier Led ","CAR0044","code128","","C1","Pc","Pc","Pc","0","0","no_image.png","no_image.png","no_image.png","no_image.png"
"Roulais Optique","CAR0045","code128","","C1","Pc","Pc","Pc","0","0","no_image.png","no_image.png","no_image.png","no_image.png"
"Fixation Optique Avd","CAR0046","code128","","C1","Pc","Pc","Pc","0","0","no_image.png","no_image.png","no_image.png","no_image.png"
"Fixation Optique Avg","CAR0047","code128","","C1","Pc","Pc","Pc","0","0","no_image.png","no_image.png","no_image.png","no_image.png"
"Aile Avant D","CAR0048","code128","","C1","Pc","Pc","Pc","0","0","no_image.png","no_image.png","no_image.png","no_image.png"
"Aile Avant G","CAR0049","code128","","C1","Pc","Pc","Pc","0","0","no_image.png","no_image.png","no_image.png","no_image.png"
"Fixation D'aile Avd","CAR0050","code128","","C1","Pc","Pc","Pc","0","0","no_image.png","no_image.png","no_image.png","no_image.png"
"Fixation D'aile Avd","CAR0051","code128","","C1","Pc","Pc","Pc","0","0","no_image.png","no_image.png","no_image.png","no_image.png"
"Enjoliveur D'aile Avd","CAR0052","code128","","C1","Pc","Pc","Pc","0","0","no_image.png","no_image.png","no_image.png","no_image.png"
"Enjoliveur D'aile Avg","CAR0053","code128","","C1","Pc","Pc","Pc","0","0","no_image.png","no_image.png","no_image.png","no_image.png"
"Elargisseur D'aile Avd","CAR0054","code128","","C1","Pc","Pc","Pc","0","0","no_image.png","no_image.png","no_image.png","no_image.png"
"Elargisseur D'aile Avg","CAR0055","code128","","C1","Pc","Pc","Pc","0","0","no_image.png","no_image.png","no_image.png","no_image.png"
"Pare Boue Avd","CAR0056","code128","","C1","Pc","Pc","Pc","0","0","no_image.png","no_image.png","no_image.png","no_image.png"
"Pare Boue Avg","CAR0057","code128","","C1","Pc","Pc","Pc","0","0","no_image.png","no_image.png","no_image.png","no_image.png"
"Buse Radiateur","CAR0058","code128","","C1","Pc","Pc","Pc","0","0","no_image.png","no_image.png","no_image.png","no_image.png"
"Moto Ventilateur","CAR0059","code128","","C1","Pc","Pc","Pc","0","0","no_image.png","no_image.png","no_image.png","no_image.png"
"Ventilateur","CAR0060","code128","","C1","Pc","Pc","Pc","0","0","no_image.png","no_image.png","no_image.png","no_image.png"
"Relais De Ventilateur","CAR0061","code128","","C1","Pc","Pc","Pc","0","0","no_image.png","no_image.png","no_image.png","no_image.png"
"Vase Essuie Glace","CAR0062","code128","","C1","Pc","Pc","Pc","0","0","no_image.png","no_image.png","no_image.png","no_image.png"
"Moteur Vase Essuie Glace ","CAR0063","code128","","C1","Pc","Pc","Pc","0","0","no_image.png","no_image.png","no_image.png","no_image.png"
"Lave Optique Avd","CAR0064","code128","","C1","Pc","Pc","Pc","0","0","no_image.png","no_image.png","no_image.png","no_image.png"
"Lave Optique Avg","CAR0065","code128","","C1","Pc","Pc","Pc","0","0","no_image.png","no_image.png","no_image.png","no_image.png"
"Mécanisme Lave Optique Avd","CAR0066","code128","","C1","Pc","Pc","Pc","0","0","no_image.png","no_image.png","no_image.png","no_image.png"
"Mécanisme Lave Optique Avg","CAR0067","code128","","C1","Pc","Pc","Pc","0","0","no_image.png","no_image.png","no_image.png","no_image.png"
"Capteur De Proximité","CAR0068","code128","","C1","Pc","Pc","Pc","0","0","no_image.png","no_image.png","no_image.png","no_image.png"
"Capteur Angles Mort","CAR0069","code128","","C1","Pc","Pc","Pc","0","0","no_image.png","no_image.png","no_image.png","no_image.png"
"Mécanisme Essuie Glace Av","CAR0070","code128","","C1","Pc","Pc","Pc","0","0","no_image.png","no_image.png","no_image.png","no_image.png"
"Bras Essuie Glace Avd","CAR0071","code128","","C1","Pc","Pc","Pc","0","0","no_image.png","no_image.png","no_image.png","no_image.png"
"Bras Essuie Glace Avg","CAR0072","code128","","C1","Pc","Pc","Pc","0","0","no_image.png","no_image.png","no_image.png","no_image.png"
"Pare Brise Avant ","CAR0073","code128","","C1","Pc","Pc","Pc","0","0","no_image.png","no_image.png","no_image.png","no_image.png"
"Enjoliveur Pare Brise Avd","CAR0074","code128","","C1","Pc","Pc","Pc","0","0","no_image.png","no_image.png","no_image.png","no_image.png"
"Enjoliveur Pare Brise Avg","CAR0075","code128","","C1","Pc","Pc","Pc","0","0","no_image.png","no_image.png","no_image.png","no_image.png"
"Joint Pare Brise Av","CAR0076","code128","","C1","Pc","Pc","Pc","0","0","no_image.png","no_image.png","no_image.png","no_image.png"
"Montant Avd","CAR0077","code128","","C1","Pc","Pc","Pc","0","0","no_image.png","no_image.png","no_image.png","no_image.png"
"Montant Avg","CAR0078","code128","","C1","Pc","Pc","Pc","0","0","no_image.png","no_image.png","no_image.png","no_image.png"
"Jeu D'aile Avd","CAR0079","code128","","C1","Pc","Pc","Pc","0","0","no_image.png","no_image.png","no_image.png","no_image.png"
"Jeu D'aile Avg","CAR0080","code128","","C1","Pc","Pc","Pc","0","0","no_image.png","no_image.png","no_image.png","no_image.png"
"Doublure D'aile Avd","CAR0081","code128","","C1","Pc","Pc","Pc","0","0","no_image.png","no_image.png","no_image.png","no_image.png"
"Doublure D'aile Avg","CAR0082","code128","","C1","Pc","Pc","Pc","0","0","no_image.png","no_image.png","no_image.png","no_image.png"
"Berceau Av","CAR0083","code128","","C1","Pc","Pc","Pc","0","0","no_image.png","no_image.png","no_image.png","no_image.png"
"Tableau De Bord ","CAR0084","code128","","C1","Pc","Pc","Pc","0","0","no_image.png","no_image.png","no_image.png","no_image.png"
"Plafond","CAR0085","code128","","C1","Pc","Pc","Pc","0","0","no_image.png","no_image.png","no_image.png","no_image.png"
"Garniture Plafond","CAR0086","code128","","C1","Pc","Pc","Pc","0","0","no_image.png","no_image.png","no_image.png","no_image.png"
"Porte Avant D","CAR0087","code128","","C1","Pc","Pc","Pc","0","0","no_image.png","no_image.png","no_image.png","no_image.png"
"Porte Avant G","CAR0088","code128","","C1","Pc","Pc","Pc","0","0","no_image.png","no_image.png","no_image.png","no_image.png"
"Baguette Porte Avd","CAR0089","code128","","C1","Pc","Pc","Pc","0","0","no_image.png","no_image.png","no_image.png","no_image.png"
"Baguette Porte Avg","CAR0090","code128","","C1","Pc","Pc","Pc","0","0","no_image.png","no_image.png","no_image.png","no_image.png"
"Mécanisme Lève Glace Avd","CAR0091","code128","","C1","Pc","Pc","Pc","0","0","no_image.png","no_image.png","no_image.png","no_image.png"
"Mécanisme Lève Glace Avd","CAR0092","code128","","C1","Pc","Pc","Pc","0","0","no_image.png","no_image.png","no_image.png","no_image.png"
"Interrupteur Lève Glace Avd","CAR0093","code128","","C1","Pc","Pc","Pc","0","0","no_image.png","no_image.png","no_image.png","no_image.png"
"Interrupteur Lève Glace Avg","CAR0094","code128","","C1","Pc","Pc","Pc","0","0","no_image.png","no_image.png","no_image.png","no_image.png"
"Vitre Porte Avd","CAR0095","code128","","C1","Pc","Pc","Pc","0","0","no_image.png","no_image.png","no_image.png","no_image.png"
"Vitre Porte Avg","CAR0096","code128","","C1","Pc","Pc","Pc","0","0","no_image.png","no_image.png","no_image.png","no_image.png"
"Joint Porte Avd","CAR0097","code128","","C1","Pc","Pc","Pc","0","0","no_image.png","no_image.png","no_image.png","no_image.png"
"Joint Porte Avg","CAR0098","code128","","C1","Pc","Pc","Pc","0","0","no_image.png","no_image.png","no_image.png","no_image.png"
"Déflecteur Porte Avd","CAR0099","code128","","C1","Pc","Pc","Pc","0","0","no_image.png","no_image.png","no_image.png","no_image.png"
"Déflecteur Porte Avg","CAR0100","code128","","C1","Pc","Pc","Pc","0","0","no_image.png","no_image.png","no_image.png","no_image.png"
"Léchur Porte Avd","CAR0101","code128","","C1","Pc","Pc","Pc","0","0","no_image.png","no_image.png","no_image.png","no_image.png"
"Léchur Porte Avg","CAR0102","code128","","C1","Pc","Pc","Pc","0","0","no_image.png","no_image.png","no_image.png","no_image.png"
"Rétroviseur Ext Droit ","CAR0103","code128","","C1","Pc","Pc","Pc","0","0","no_image.png","no_image.png","no_image.png","no_image.png"
"Rétroviseur Intérieure","CAR0104","code128","","C1","Pc","Pc","Pc","0","0","no_image.png","no_image.png","no_image.png","no_image.png"
"Rétroviseur Ext Gauche","CAR0105","code128","","C1","Pc","Pc","Pc","0","0","no_image.png","no_image.png","no_image.png","no_image.png"
"Glace Rétroviseur D","CAR0106","code128","","C1","Pc","Pc","Pc","0","0","no_image.png","no_image.png","no_image.png","no_image.png"
"Glace Rétroviseur G","CAR0107","code128","","C1","Pc","Pc","Pc","0","0","no_image.png","no_image.png","no_image.png","no_image.png"
"Couvercle Rétroviseur D","CAR0108","code128","","C1","Pc","Pc","Pc","0","0","no_image.png","no_image.png","no_image.png","no_image.png"
"Couvercle Rétroviseur G","CAR0109","code128","","C1","Pc","Pc","Pc","0","0","no_image.png","no_image.png","no_image.png","no_image.png"
"Cache Rétroviseur D","CAR0110","code128","","C1","Pc","Pc","Pc","0","0","no_image.png","no_image.png","no_image.png","no_image.png"
"Cache Rétroviseur G","CAR0111","code128","","C1","Pc","Pc","Pc","0","0","no_image.png","no_image.png","no_image.png","no_image.png"
"Clignotent  Rétroviseur Avd","CAR0112","code128","","C1","Pc","Pc","Pc","0","0","no_image.png","no_image.png","no_image.png","no_image.png"
"Clignotent  Rétroviseur Avg","CAR0113","code128","","C1","Pc","Pc","Pc","0","0","no_image.png","no_image.png","no_image.png","no_image.png"
"Clignotent Avd","CAR0114","code128","","C1","Pc","Pc","Pc","0","0","no_image.png","no_image.png","no_image.png","no_image.png"
"Clignotent Avg","CAR0115","code128","","C1","Pc","Pc","Pc","0","0","no_image.png","no_image.png","no_image.png","no_image.png"
"Poigner Ext Porte Avd","CAR0116","code128","","C1","Pc","Pc","Pc","0","0","no_image.png","no_image.png","no_image.png","no_image.png"
"Poigner Ext Porte Avd","CAR0117","code128","","C1","Pc","Pc","Pc","0","0","no_image.png","no_image.png","no_image.png","no_image.png"
"Poigner Int Porte Avd","CAR0118","code128","","C1","Pc","Pc","Pc","0","0","no_image.png","no_image.png","no_image.png","no_image.png"
"Poigner Int Porte Avg","CAR0119","code128","","C1","Pc","Pc","Pc","0","0","no_image.png","no_image.png","no_image.png","no_image.png"
"Garniture Porte Avd","CAR0120","code128","","C1","Pc","Pc","Pc","0","0","no_image.png","no_image.png","no_image.png","no_image.png"
"Garniture Porte Avg","CAR0121","code128","","C1","Pc","Pc","Pc","0","0","no_image.png","no_image.png","no_image.png","no_image.png"
"Gâche Porte Avd","CAR0122","code128","","C1","Pc","Pc","Pc","0","0","no_image.png","no_image.png","no_image.png","no_image.png"
"Gâche Porte Avg","CAR0123","code128","","C1","Pc","Pc","Pc","0","0","no_image.png","no_image.png","no_image.png","no_image.png"
"Serrure De Porte Avd","CAR0124","code128","","C1","Pc","Pc","Pc","0","0","no_image.png","no_image.png","no_image.png","no_image.png"
"Serrure De Porte Avg","CAR0125","code128","","C1","Pc","Pc","Pc","0","0","no_image.png","no_image.png","no_image.png","no_image.png"
"Barillet Porte Avd","CAR0126","code128","","C1","Pc","Pc","Pc","0","0","no_image.png","no_image.png","no_image.png","no_image.png"
"Barillet Porte Avg","CAR0127","code128","","C1","Pc","Pc","Pc","0","0","no_image.png","no_image.png","no_image.png","no_image.png"
"Arrêt Porte Avd","CAR0128","code128","","C1","Pc","Pc","Pc","0","0","no_image.png","no_image.png","no_image.png","no_image.png"
"Arrêt Porte Avg","CAR0129","code128","","C1","Pc","Pc","Pc","0","0","no_image.png","no_image.png","no_image.png","no_image.png"
"Bas De Caisse D","CAR0130","code128","","C1","Pc","Pc","Pc","0","0","no_image.png","no_image.png","no_image.png","no_image.png"
"Bas De Caisse G","CAR0131","code128","","C1","Pc","Pc","Pc","0","0","no_image.png","no_image.png","no_image.png","no_image.png"
"Doublure Caisse D","CAR0132","code128","","C1","Pc","Pc","Pc","0","0","no_image.png","no_image.png","no_image.png","no_image.png"
"Doublure Caisse G","CAR0133","code128","","C1","Pc","Pc","Pc","0","0","no_image.png","no_image.png","no_image.png","no_image.png"
"Montant Centrale D","CAR0134","code128","","C1","Pc","Pc","Pc","0","0","no_image.png","no_image.png","no_image.png","no_image.png"
"Montant Centrale G","CAR0135","code128","","C1","Pc","Pc","Pc","0","0","no_image.png","no_image.png","no_image.png","no_image.png"
"Pommeau  Levier De Vitesse ","CAR0136","code128","","C1","Pc","Pc","Pc","0","0","no_image.png","no_image.png","no_image.png","no_image.png"
"Tige Levier De Vitesse","CAR0137","code128","","C1","Pc","Pc","Pc","0","0","no_image.png","no_image.png","no_image.png","no_image.png"
"Cache Levier De Vitesse","CAR0138","code128","","C1","Pc","Pc","Pc","0","0","no_image.png","no_image.png","no_image.png","no_image.png"
"Garniture Centrale","CAR0139","code128","","C1","Pc","Pc","Pc","0","0","no_image.png","no_image.png","no_image.png","no_image.png"
"Siège Avd","CAR0140","code128","","C1","Pc","Pc","Pc","0","0","no_image.png","no_image.png","no_image.png","no_image.png"
"Siège Avd","CAR0141","code128","","C1","Pc","Pc","Pc","0","0","no_image.png","no_image.png","no_image.png","no_image.png"
"Porte Arrière D","CAR0142","code128","","C1","Pc","Pc","Pc","0","0","no_image.png","no_image.png","no_image.png","no_image.png"
"Porte Arrière G","CAR0143","code128","","C1","Pc","Pc","Pc","0","0","no_image.png","no_image.png","no_image.png","no_image.png"
"Baguette Porte Ard","CAR0144","code128","","C1","Pc","Pc","Pc","0","0","no_image.png","no_image.png","no_image.png","no_image.png"
"Baguette Porte Arg","CAR0145","code128","","C1","Pc","Pc","Pc","0","0","no_image.png","no_image.png","no_image.png","no_image.png"
"Mécanisme Lève Glace Ard","CAR0146","code128","","C1","Pc","Pc","Pc","0","0","no_image.png","no_image.png","no_image.png","no_image.png"
"Mécanisme Lève Glace Arg","CAR0147","code128","","C1","Pc","Pc","Pc","0","0","no_image.png","no_image.png","no_image.png","no_image.png"
"Interrupteur Lève Glace Ard","CAR0148","code128","","C1","Pc","Pc","Pc","0","0","no_image.png","no_image.png","no_image.png","no_image.png"
"Interrupteur Lève Glace Arg","CAR0149","code128","","C1","Pc","Pc","Pc","0","0","no_image.png","no_image.png","no_image.png","no_image.png"
"Vitre Porte Ard","CAR0150","code128","","C1","Pc","Pc","Pc","0","0","no_image.png","no_image.png","no_image.png","no_image.png"
"Vitre Porte Arg","CAR0151","code128","","C1","Pc","Pc","Pc","0","0","no_image.png","no_image.png","no_image.png","no_image.png"
"Joint Porte Ard","CAR0152","code128","","C1","Pc","Pc","Pc","0","0","no_image.png","no_image.png","no_image.png","no_image.png"
"Joint Porte Arg","CAR0153","code128","","C1","Pc","Pc","Pc","0","0","no_image.png","no_image.png","no_image.png","no_image.png"
"Déflecteur Porte Ard","CAR0154","code128","","C1","Pc","Pc","Pc","0","0","no_image.png","no_image.png","no_image.png","no_image.png"
"Déflecteur Porte Arg","CAR0155","code128","","C1","Pc","Pc","Pc","0","0","no_image.png","no_image.png","no_image.png","no_image.png"
"Léchur Porte Ard","CAR0156","code128","","C1","Pc","Pc","Pc","0","0","no_image.png","no_image.png","no_image.png","no_image.png"
"Léchur Porte Arg","CAR0157","code128","","C1","Pc","Pc","Pc","0","0","no_image.png","no_image.png","no_image.png","no_image.png"
"Poigner Ext Porte Ard","CAR0158","code128","","C1","Pc","Pc","Pc","0","0","no_image.png","no_image.png","no_image.png","no_image.png"
"Poigner Ext Porte Arg","CAR0159","code128","","C1","Pc","Pc","Pc","0","0","no_image.png","no_image.png","no_image.png","no_image.png"
"Poigner Int Porte Ard","CAR0160","code128","","C1","Pc","Pc","Pc","0","0","no_image.png","no_image.png","no_image.png","no_image.png"
"Poigner Int Porte Arg","CAR0161","code128","","C1","Pc","Pc","Pc","0","0","no_image.png","no_image.png","no_image.png","no_image.png"
"Garniture Porte Ard","CAR0162","code128","","C1","Pc","Pc","Pc","0","0","no_image.png","no_image.png","no_image.png","no_image.png"
"Garniture Porte Arg","CAR0163","code128","","C1","Pc","Pc","Pc","0","0","no_image.png","no_image.png","no_image.png","no_image.png"
"Gâche Porte Ard","CAR0164","code128","","C1","Pc","Pc","Pc","0","0","no_image.png","no_image.png","no_image.png","no_image.png"
"Gâche Porte Arg","CAR0165","code128","","C1","Pc","Pc","Pc","0","0","no_image.png","no_image.png","no_image.png","no_image.png"
"Serrure De Porte Ard","CAR0166","code128","","C1","Pc","Pc","Pc","0","0","no_image.png","no_image.png","no_image.png","no_image.png"
"Serrure De Porte Arg","CAR0167","code128","","C1","Pc","Pc","Pc","0","0","no_image.png","no_image.png","no_image.png","no_image.png"
"Arrêt Porte Ard","CAR0168","code128","","C1","Pc","Pc","Pc","0","0","no_image.png","no_image.png","no_image.png","no_image.png"
"Arrêt Porte Arg","CAR0169","code128","","C1","Pc","Pc","Pc","0","0","no_image.png","no_image.png","no_image.png","no_image.png"
"Aile Arrière D","CAR0170","code128","","C1","Pc","Pc","Pc","0","0","no_image.png","no_image.png","no_image.png","no_image.png"
"Aile Arrière G","CAR0171","code128","","C1","Pc","Pc","Pc","0","0","no_image.png","no_image.png","no_image.png","no_image.png"
"Doublure Aile Ard ","CAR0172","code128","","C1","Pc","Pc","Pc","0","0","no_image.png","no_image.png","no_image.png","no_image.png"
"Doublure Aile Arg","CAR0173","code128","","C1","Pc","Pc","Pc","0","0","no_image.png","no_image.png","no_image.png","no_image.png"
"Mal Arrière ","CAR0174","code128","","C1","Pc","Pc","Pc","0","0","no_image.png","no_image.png","no_image.png","no_image.png"
"Hayon Ar","CAR0175","code128","","C1","Pc","Pc","Pc","0","0","no_image.png","no_image.png","no_image.png","no_image.png"
"Lunette Ar","CAR0176","code128","","C1","Pc","Pc","Pc","0","0","no_image.png","no_image.png","no_image.png","no_image.png"
"Baguette Mal Ar","CAR0177","code128","","C1","Pc","Pc","Pc","0","0","no_image.png","no_image.png","no_image.png","no_image.png"
"Enjoliveur Mal Ar ","CAR0178","code128","","C1","Pc","Pc","Pc","0","0","no_image.png","no_image.png","no_image.png","no_image.png"
"Joint Lunette Ar","CAR0179","code128","","C1","Pc","Pc","Pc","0","0","no_image.png","no_image.png","no_image.png","no_image.png"
"Porte Battante Ard","CAR0180","code128","","C1","Pc","Pc","Pc","0","0","no_image.png","no_image.png","no_image.png","no_image.png"
"Porte Battante Arg","CAR0181","code128","","C1","Pc","Pc","Pc","0","0","no_image.png","no_image.png","no_image.png","no_image.png"
"Baguette Porte Battante Arg","CAR0182","code128","","C1","Pc","Pc","Pc","0","0","no_image.png","no_image.png","no_image.png","no_image.png"
"Baguette Porte Battante Ard","CAR0183","code128","","C1","Pc","Pc","Pc","0","0","no_image.png","no_image.png","no_image.png","no_image.png"
"Arrêt Porte Battante Ard","CAR0184","code128","","C1","Pc","Pc","Pc","0","0","no_image.png","no_image.png","no_image.png","no_image.png"
"Arrêt Porte Battante Arg","CAR0185","code128","","C1","Pc","Pc","Pc","0","0","no_image.png","no_image.png","no_image.png","no_image.png"
"Serrure Porte Ar ","CAR0186","code128","","C1","Pc","Pc","Pc","0","0","no_image.png","no_image.png","no_image.png","no_image.png"
"Gâche Porte Battante Ard","CAR0187","code128","","C1","Pc","Pc","Pc","0","0","no_image.png","no_image.png","no_image.png","no_image.png"
"Gâche Porte Battante Arg","CAR0188","code128","","C1","Pc","Pc","Pc","0","0","no_image.png","no_image.png","no_image.png","no_image.png"
"Bras Essuie Glace Ar ","CAR0189","code128","","C1","Pc","Pc","Pc","0","0","no_image.png","no_image.png","no_image.png","no_image.png"
"Mécanisme Essuie Glace Ar ","CAR0190","code128","","C1","Pc","Pc","Pc","0","0","no_image.png","no_image.png","no_image.png","no_image.png"
"Joint Mal Arrière ","CAR0191","code128","","C1","Pc","Pc","Pc","0","0","no_image.png","no_image.png","no_image.png","no_image.png"
"Joint Porte Battante Arg","CAR0192","code128","","C1","Pc","Pc","Pc","0","0","no_image.png","no_image.png","no_image.png","no_image.png"
"Joint Porte Battante Ard","CAR0193","code128","","C1","Pc","Pc","Pc","0","0","no_image.png","no_image.png","no_image.png","no_image.png"
"Plancher Ar ","CAR0194","code128","","C1","Pc","Pc","Pc","0","0","no_image.png","no_image.png","no_image.png","no_image.png"
"Traverse Arrière ","CAR0195","code128","","C1","Pc","Pc","Pc","0","0","no_image.png","no_image.png","no_image.png","no_image.png"
"Jupe Arrière ","CAR0196","code128","","C1","Pc","Pc","Pc","0","0","no_image.png","no_image.png","no_image.png","no_image.png"
"Double Jupe Arrière ","CAR0197","code128","","C1","Pc","Pc","Pc","0","0","no_image.png","no_image.png","no_image.png","no_image.png"
"Pare Choc Arrière ","CAR0198","code128","","C1","Pc","Pc","Pc","0","0","no_image.png","no_image.png","no_image.png","no_image.png"
"Sabot Ard ","CAR0199","code128","","C1","Pc","Pc","Pc","0","0","no_image.png","no_image.png","no_image.png","no_image.png"
"Sabot Arg","CAR0200","code128","","C1","Pc","Pc","Pc","0","0","no_image.png","no_image.png","no_image.png","no_image.png"
"Pare Choc Centrale Ar","CAR0201","code128","","C1","Pc","Pc","Pc","0","0","no_image.png","no_image.png","no_image.png","no_image.png"
"Jupe Pare Choc Ar","CAR0202","code128","","C1","Pc","Pc","Pc","0","0","no_image.png","no_image.png","no_image.png","no_image.png"
"Fixation Pare Choc Ard","CAR0203","code128","","C1","Pc","Pc","Pc","0","0","no_image.png","no_image.png","no_image.png","no_image.png"
"Fixation Pare Choc Arg","CAR0204","code128","","C1","Pc","Pc","Pc","0","0","no_image.png","no_image.png","no_image.png","no_image.png"
"Jeu Fixation Pare Choc Ar","CAR0205","code128","","C1","Pc","Pc","Pc","0","0","no_image.png","no_image.png","no_image.png","no_image.png"
"Enjoliveur Pare Choc Ar","CAR0206","code128","","C1","Pc","Pc","Pc","0","0","no_image.png","no_image.png","no_image.png","no_image.png"
"Renfort De Pare Choc Ar","CAR0207","code128","","C1","Pc","Pc","Pc","0","0","no_image.png","no_image.png","no_image.png","no_image.png"
"Grille De Pare Choc Ar","CAR0208","code128","","C1","Pc","Pc","Pc","0","0","no_image.png","no_image.png","no_image.png","no_image.png"
"Cataphote Ard","CAR0209","code128","","C1","Pc","Pc","Pc","0","0","no_image.png","no_image.png","no_image.png","no_image.png"
"Cataphote Arg","CAR0210","code128","","C1","Pc","Pc","Pc","0","0","no_image.png","no_image.png","no_image.png","no_image.png"
"Trappe De Remorquage ","CAR0211","code128","","C1","Pc","Pc","Pc","0","0","no_image.png","no_image.png","no_image.png","no_image.png"
"Feu Ard ","CAR0212","code128","","C1","Pc","Pc","Pc","0","0","no_image.png","no_image.png","no_image.png","no_image.png"
"Feu Ard ","CAR0213","code128","","C1","Pc","Pc","Pc","0","0","no_image.png","no_image.png","no_image.png","no_image.png"
"Feu Aile Ard","CAR0214","code128","","C1","Pc","Pc","Pc","0","0","no_image.png","no_image.png","no_image.png","no_image.png"
"Feu Aile Arg","CAR0215","code128","","C1","Pc","Pc","Pc","0","0","no_image.png","no_image.png","no_image.png","no_image.png"
"Feu Mal Ard","CAR0216","code128","","C1","Pc","Pc","Pc","0","0","no_image.png","no_image.png","no_image.png","no_image.png"
"Feu Mal Arg","CAR0217","code128","","C1","Pc","Pc","Pc","0","0","no_image.png","no_image.png","no_image.png","no_image.png"
"Monogramme Ar","CAR0218","code128","","C1","Pc","Pc","Pc","0","0","no_image.png","no_image.png","no_image.png","no_image.png"
"Sigle Ar","CAR0219","code128","","C1","Pc","Pc","Pc","0","0","no_image.png","no_image.png","no_image.png","no_image.png"
"Emblème Ar","CAR0220","code128","","C1","Pc","Pc","Pc","0","0","no_image.png","no_image.png","no_image.png","no_image.png"
"3 Eme Feu","CAR0221","code128","","C1","Pc","Pc","Pc","0","0","no_image.png","no_image.png","no_image.png","no_image.png"
"Feu Plaque Police","CAR0222","code128","","C1","Pc","Pc","Pc","0","0","no_image.png","no_image.png","no_image.png","no_image.png"
"Plaque Police Ar","CAR0223","code128","","C1","Pc","Pc","Pc","0","0","no_image.png","no_image.png","no_image.png","no_image.png"
"Plaque Police Av","CAR0224","code128","","C1","Pc","Pc","Pc","0","0","no_image.png","no_image.png","no_image.png","no_image.png"
