"","Volant Moteur ","MEC0001","code128","","C2","Pc","Pc","Pc","0","0","0","Sans TVA","Exclusif","no_image.png","","NEUF|RECUP"
"","Kit Embrayage ","MEC0002","code128","","C2","Pc","Pc","Pc","0","0","0","Sans TVA","Exclusif","no_image.png","","NEUF|RECUP"
"","Turbo ","MEC0003","code128","","C2","Pc","Pc","Pc","0","0","0","Sans TVA","Exclusif","no_image.png","","NEUF|RECUP"
"","Poulie Vilebrequin ","MEC0004","code128","","C2","Pc","Pc","Pc","0","0","0","Sans TVA","Exclusif","no_image.png","","NEUF|RECUP"
"","Kit Embrayage ","MEC0005","code128","","C2","Pc","Pc","Pc","0","0","0","Sans TVA","Exclusif","no_image.png","","NEUF|RECUP"
"","Amortisseur Av ","MEC0006","code128","","C2","Pc","Pc","Pc","0","0","0","Sans TVA","Exclusif","no_image.png","","NEUF|RECUP"
"","Mécatronique Boite Automatique","MEC0007","code128","","C2","Pc","Pc","Pc","0","0","0","Sans TVA","Exclusif","no_image.png","","NEUF|RECUP"
"","Airbag Volant","MEC0008","code128","","C2","Pc","Pc","Pc","0","0","0","Sans TVA","Exclusif","no_image.png","","NEUF|RECUP"
"","Airbag Passager","MEC0009","code128","","C2","Pc","Pc","Pc","0","0","0","Sans TVA","Exclusif","no_image.png","","NEUF|RECUP"
"","Airbag Génaux","MEC0010","code128","","C2","Pc","Pc","Pc","0","0","0","Sans TVA","Exclusif","no_image.png","","NEUF|RECUP"
"","Airbag Latéral D","MEC0011","code128","","C2","Pc","Pc","Pc","0","0","0","Sans TVA","Exclusif","no_image.png","","NEUF|RECUP"
"","Airbag Latéral G","MEC0012","code128","","C2","Pc","Pc","Pc","0","0","0","Sans TVA","Exclusif","no_image.png","","NEUF|RECUP"
"","Boitier Airbag","MEC0013","code128","","C2","Pc","Pc","Pc","0","0","0","Sans TVA","Exclusif","no_image.png","","NEUF|RECUP"
"","Ceinture De Sécurité Avg","MEC0014","code128","","C2","Pc","Pc","Pc","0","0","0","Sans TVA","Exclusif","no_image.png","","NEUF|RECUP"
"","Ceinture De Sécurité Avd","MEC0015","code128","","C2","Pc","Pc","Pc","0","0","0","Sans TVA","Exclusif","no_image.png","","NEUF|RECUP"
"","Ceinture De Sécurité Ard","MEC0016","code128","","C2","Pc","Pc","Pc","0","0","0","Sans TVA","Exclusif","no_image.png","","NEUF|RECUP"
"","Ceinture De Sécurité Arg","MEC0017","code128","","C2","Pc","Pc","Pc","0","0","0","Sans TVA","Exclusif","no_image.png","","NEUF|RECUP"
"","Ceinture De Sécurité Ar Centrale","MEC0018","code128","","C2","Pc","Pc","Pc","0","0","0","Sans TVA","Exclusif","no_image.png","","NEUF|RECUP"
"","Tringle Av  Gauche ","MEC0019","code128","","C2","Pc","Pc","Pc","0","0","0","Sans TVA","Exclusif","no_image.png","","NEUF|RECUP"
"","Triangle Av Droit ","MEC0020","code128","","C2","Pc","Pc","Pc","0","0","0","Sans TVA","Exclusif","no_image.png","","NEUF|RECUP"
"","Tuyau Retour  A Gasoil  ","MEC0021","code128","","C2","Pc","Pc","Pc","0","0","0","Sans TVA","Exclusif","no_image.png","","NEUF|RECUP"
"","Kit Distribution","MEC0022","code128","","C2","Pc","Pc","Pc","0","0","0","Sans TVA","Exclusif","no_image.png","","NEUF|RECUP"
"","Batterie","MEC0023","code128","","C2","Pc","Pc","Pc","0","0","0","Sans TVA","Exclusif","no_image.png","","NEUF|RECUP"
"","Bras Suspension  G ","MEC0024","code128","","C2","Pc","Pc","Pc","0","0","0","Sans TVA","Exclusif","no_image.png","","NEUF|RECUP"
"","Bras Suspension  D ","MEC0025","code128","","C2","Pc","Pc","Pc","0","0","0","Sans TVA","Exclusif","no_image.png","","NEUF|RECUP"
"","Disque Frein Ar ","MEC0026","code128","","C2","Pc","Pc","Pc","0","0","0","Sans TVA","Exclusif","no_image.png","","NEUF|RECUP"
"","Butée Embrayage ","MEC0027","code128","","C2","Pc","Pc","Pc","0","0","0","Sans TVA","Exclusif","no_image.png","","NEUF|RECUP"
"","Amortisseur Ar","MEC0028","code128","","C2","Pc","Pc","Pc","0","0","0","Sans TVA","Exclusif","no_image.png","","NEUF|RECUP"
"","Débitmètre Massique ","MEC0029","code128","","C2","Pc","Pc","Pc","0","0","0","Sans TVA","Exclusif","no_image.png","","NEUF|RECUP"
"","Disques Av","MEC0030","code128","","C2","Pc","Pc","Pc","0","0","0","Sans TVA","Exclusif","no_image.png","","NEUF|RECUP"
"","Embrayage Ventilateur ","MEC0031","code128","","C2","Pc","Pc","Pc","0","0","0","Sans TVA","Exclusif","no_image.png","","NEUF|RECUP"
"","Amortisseur Av T203","MEC0032","code128","","C2","Pc","Pc","Pc","0","0","0","Sans TVA","Exclusif","no_image.png","","NEUF|RECUP"
"","Radiateur Intercooler ","MEC0033","code128","","C2","Pc","Pc","Pc","0","0","0","Sans TVA","Exclusif","no_image.png","","NEUF|RECUP"
"","Radiateur Huile Clio 4","MEC0034","code128","","C2","Pc","Pc","Pc","0","0","0","Sans TVA","Exclusif","no_image.png","","NEUF|RECUP"
"","Jeux Disque Frein Av &","MEC0035","code128","","C2","Pc","Pc","Pc","0","0","0","Sans TVA","Exclusif","no_image.png","","NEUF|RECUP"
"","Joint Culasse ","MEC0036","code128","","C2","Pc","Pc","Pc","0","0","0","Sans TVA","Exclusif","no_image.png","","NEUF|RECUP"
"","Moyeu Roue ","MEC0037","code128","","C2","Pc","Pc","Pc","0","0","0","Sans TVA","Exclusif","no_image.png","","NEUF|RECUP"
"","Carter Huile ","MEC0038","code128","","C2","Pc","Pc","Pc","0","0","0","Sans TVA","Exclusif","no_image.png","","NEUF|RECUP"
"","Kit Chaine ","MEC0039","code128","","C2","Pc","Pc","Pc","0","0","0","Sans TVA","Exclusif","no_image.png","","NEUF|RECUP"
"","Pompe A Eau ","MEC0040","code128","","C2","Pc","Pc","Pc","0","0","0","Sans TVA","Exclusif","no_image.png","","NEUF|RECUP"
"","Jeux De Plaquettes Av ","MEC0041","code128","","C2","Pc","Pc","Pc","0","0","0","Sans TVA","Exclusif","no_image.png","","NEUF|RECUP"
"","Pochette Joint ","MEC0042","code128","","C2","Pc","Pc","Pc","0","0","0","Sans TVA","Exclusif","no_image.png","","NEUF|RECUP"
"","Tondeur ","MEC0043","code128","","C2","Pc","Pc","Pc","0","0","0","Sans TVA","Exclusif","no_image.png","","NEUF|RECUP"
"","Pompe A Eau ","MEC0044","code128","","C2","Pc","Pc","Pc","0","0","0","Sans TVA","Exclusif","no_image.png","","NEUF|RECUP"
"","Pompe  Assiste ","MEC0045","code128","","C2","Pc","Pc","Pc","0","0","0","Sans TVA","Exclusif","no_image.png","","NEUF|RECUP"
"","Coupleur ","MEC0046","code128","","C2","Pc","Pc","Pc","0","0","0","Sans TVA","Exclusif","no_image.png","","NEUF|RECUP"
"","Jeux Plaquette Ar ","MEC0047","code128","","C2","Pc","Pc","Pc","0","0","0","Sans TVA","Exclusif","no_image.png","","NEUF|RECUP"
"","Arrêt Huile Moteur","MEC0048","code128","","C2","Pc","Pc","Pc","0","0","0","Sans TVA","Exclusif","no_image.png","","NEUF|RECUP"
"","Joint Porte Avd","MEC0049","code128","","C2","Pc","Pc","Pc","0","0","0","Sans TVA","Exclusif","no_image.png","","NEUF|RECUP"
"","Joint Porte Avg","MEC0050","code128","","C2","Pc","Pc","Pc","0","0","0","Sans TVA","Exclusif","no_image.png","","NEUF|RECUP"
"","Joint Porte Arg","MEC0051","code128","","C2","Pc","Pc","Pc","0","0","0","Sans TVA","Exclusif","no_image.png","","NEUF|RECUP"
"","Joint Porte Ard","MEC0052","code128","","C2","Pc","Pc","Pc","0","0","0","Sans TVA","Exclusif","no_image.png","","NEUF|RECUP"
"","Support Moteur ","MEC0053","code128","","C2","Pc","Pc","Pc","0","0","0","Sans TVA","Exclusif","no_image.png","","NEUF|RECUP"
"","Tondeur Courroie","MEC0054","code128","","C2","Pc","Pc","Pc","0","0","0","Sans TVA","Exclusif","no_image.png","","NEUF|RECUP"
"","Vase D’eau","MEC0055","code128","","C2","Pc","Pc","Pc","0","0","0","Sans TVA","Exclusif","no_image.png","","NEUF|RECUP"
"","Moyeu De Roue Ar ","MEC0056","code128","","C2","Pc","Pc","Pc","0","0","0","Sans TVA","Exclusif","no_image.png","","NEUF|RECUP"
"","Amortisseur Ar ","MEC0057","code128","","C2","Pc","Pc","Pc","0","0","0","Sans TVA","Exclusif","no_image.png","","NEUF|RECUP"
"","Durette Air Massique ","MEC0058","code128","","C2","Pc","Pc","Pc","0","0","0","Sans TVA","Exclusif","no_image.png","","NEUF|RECUP"
"","Thermostat ","MEC0059","code128","","C2","Pc","Pc","Pc","0","0","0","Sans TVA","Exclusif","no_image.png","","NEUF|RECUP"
"","Poulie Vilebrequin","MEC0060","code128","","C2","Pc","Pc","Pc","0","0","0","Sans TVA","Exclusif","no_image.png","","NEUF|RECUP"
"","Kit Alternateur ","MEC0061","code128","","C2","Pc","Pc","Pc","0","0","0","Sans TVA","Exclusif","no_image.png","","NEUF|RECUP"
"","Joint Culasse ","MEC0062","code128","","C2","Pc","Pc","Pc","0","0","0","Sans TVA","Exclusif","no_image.png","","NEUF|RECUP"
"","Arrêt D ' Huile ","MEC0063","code128","","C2","Pc","Pc","Pc","0","0","0","Sans TVA","Exclusif","no_image.png","","NEUF|RECUP"
"","Tringle Av D","MEC0064","code128","","C2","Pc","Pc","Pc","0","0","0","Sans TVA","Exclusif","no_image.png","","NEUF|RECUP"
"","Triangle Av G","MEC0065","code128","","C2","Pc","Pc","Pc","0","0","0","Sans TVA","Exclusif","no_image.png","","NEUF|RECUP"
"","Support Chassie ","MEC0066","code128","","C2","Pc","Pc","Pc","0","0","0","Sans TVA","Exclusif","no_image.png","","NEUF|RECUP"
"","Bobine Allumage ","MEC0067","code128","","C2","Pc","Pc","Pc","0","0","0","Sans TVA","Exclusif","no_image.png","","NEUF|RECUP"
"","Support Moteur  ""G""","MEC0068","code128","","C2","Pc","Pc","Pc","0","0","0","Sans TVA","Exclusif","no_image.png","","NEUF|RECUP"
"","Support Moteur  ""D""","MEC0069","code128","","C2","Pc","Pc","Pc","0","0","0","Sans TVA","Exclusif","no_image.png","","NEUF|RECUP"
"","Butée Hydraulique ","MEC0070","code128","","C2","Pc","Pc","Pc","0","0","0","Sans TVA","Exclusif","no_image.png","","NEUF|RECUP"
"","Tuyau De Retour ","MEC0071","code128","","C2","Pc","Pc","Pc","0","0","0","Sans TVA","Exclusif","no_image.png","","NEUF|RECUP"
"","Poulie Alternateur","MEC0072","code128","","C2","Pc","Pc","Pc","0","0","0","Sans TVA","Exclusif","no_image.png","","NEUF|RECUP"
"","Flecteur Cardan ","MEC0073","code128","","C2","Pc","Pc","Pc","0","0","0","Sans TVA","Exclusif","no_image.png","","NEUF|RECUP"
"","Moyeu Roue ","MEC0074","code128","","C2","Pc","Pc","Pc","0","0","0","Sans TVA","Exclusif","no_image.png","","NEUF|RECUP"
"","Butée Embrayage","MEC0075","code128","","C2","Pc","Pc","Pc","0","0","0","Sans TVA","Exclusif","no_image.png","","NEUF|RECUP"
"","Joint Culasse ","MEC0076","code128","","C2","Pc","Pc","Pc","0","0","0","Sans TVA","Exclusif","no_image.png","","NEUF|RECUP"
"","Emetteur Embrayage ","MEC0077","code128","","C2","Pc","Pc","Pc","0","0","0","Sans TVA","Exclusif","no_image.png","","NEUF|RECUP"
"","Moyeu Roue Ar ","MEC0078","code128","","C2","Pc","Pc","Pc","0","0","0","Sans TVA","Exclusif","no_image.png","","NEUF|RECUP"
"","Commande Electrique ","MEC0079","code128","","C2","Pc","Pc","Pc","0","0","0","Sans TVA","Exclusif","no_image.png","","NEUF|RECUP"
"","Durette Turbo","MEC0080","code128","","C2","Pc","Pc","Pc","0","0","0","Sans TVA","Exclusif","no_image.png","","NEUF|RECUP"
"","Pochette Rodage ","MEC0081","code128","","C2","Pc","Pc","Pc","0","0","0","Sans TVA","Exclusif","no_image.png","","NEUF|RECUP"
"","Tendeur","MEC0082","code128","","C2","Pc","Pc","Pc","0","0","0","Sans TVA","Exclusif","no_image.png","","NEUF|RECUP"
"","Moyeu","MEC0083","code128","","C2","Pc","Pc","Pc","0","0","0","Sans TVA","Exclusif","no_image.png","","NEUF|RECUP"
"","Pompe Embrayage ","MEC0084","code128","","C2","Pc","Pc","Pc","0","0","0","Sans TVA","Exclusif","no_image.png","","NEUF|RECUP"
"","Butte Embrayage ","MEC0085","code128","","C2","Pc","Pc","Pc","0","0","0","Sans TVA","Exclusif","no_image.png","","NEUF|RECUP"
"","Filtre A  Gasoil ","MEC0086","code128","","C2","Pc","Pc","Pc","0","0","0","Sans TVA","Exclusif","no_image.png","","NEUF|RECUP"
"","Huile Moteur","MEC0087","code128","","C2","Pc","Pc","Pc","0","0","0","Sans TVA","Exclusif","no_image.png","","NEUF|RECUP"
"","Kit Roulement Av ","MEC0088","code128","","C2","Pc","Pc","Pc","0","0","0","Sans TVA","Exclusif","no_image.png","","NEUF|RECUP"
"","Bras Avg","MEC0089","code128","","C2","Pc","Pc","Pc","0","0","0","Sans TVA","Exclusif","no_image.png","","NEUF|RECUP"
"","Bras Avd","MEC0090","code128","","C2","Pc","Pc","Pc","0","0","0","Sans TVA","Exclusif","no_image.png","","NEUF|RECUP"
"","Pompe Frein","MEC0091","code128","","C2","Pc","Pc","Pc","0","0","0","Sans TVA","Exclusif","no_image.png","","NEUF|RECUP"
"","Capteur ","MEC0092","code128","","C2","Pc","Pc","Pc","0","0","0","Sans TVA","Exclusif","no_image.png","","NEUF|RECUP"
"","Kit Alternateur Dci Renault ","MEC0093","code128","","C2","Pc","Pc","Pc","0","0","0","Sans TVA","Exclusif","no_image.png","","NEUF|RECUP"
"","Kit Sillent Bloc","MEC0094","code128","","C2","Pc","Pc","Pc","0","0","0","Sans TVA","Exclusif","no_image.png","","NEUF|RECUP"
"","Joint Culasse ","MEC0095","code128","","C2","Pc","Pc","Pc","0","0","0","Sans TVA","Exclusif","no_image.png","","NEUF|RECUP"
"","Plateau D'embrayage","MEC0096","code128","","C2","Pc","Pc","Pc","0","0","0","Sans TVA","Exclusif","no_image.png","","NEUF|RECUP"
"","Support Boite Vitesse","MEC0097","code128","","C2","Pc","Pc","Pc","0","0","0","Sans TVA","Exclusif","no_image.png","","NEUF|RECUP"
"","Jeux Segment","MEC0098","code128","","C2","Pc","Pc","Pc","0","0","0","Sans TVA","Exclusif","no_image.png","","NEUF|RECUP"
"","Kit Support Amortisseur","MEC0099","code128","","C2","Pc","Pc","Pc","0","0","0","Sans TVA","Exclusif","no_image.png","","NEUF|RECUP"
"","Commutateur","MEC0100","code128","","C2","Pc","Pc","Pc","0","0","0","Sans TVA","Exclusif","no_image.png","","NEUF|RECUP"
"","Pompe Embrayage","MEC0101","code128","","C2","Pc","Pc","Pc","0","0","0","Sans TVA","Exclusif","no_image.png","","NEUF|RECUP"
"","Filtre A  Air ","MEC0102","code128","","C2","Pc","Pc","Pc","0","0","0","Sans TVA","Exclusif","no_image.png","","NEUF|RECUP"
"","Barre Direction","MEC0103","code128","","C2","Pc","Pc","Pc","0","0","0","Sans TVA","Exclusif","no_image.png","","NEUF|RECUP"
"","Filtre A Gasoil +","MEC0104","code128","","C2","Pc","Pc","Pc","0","0","0","Sans TVA","Exclusif","no_image.png","","NEUF|RECUP"
"","Butée Hydraulique  ","MEC0105","code128","","C2","Pc","Pc","Pc","0","0","0","Sans TVA","Exclusif","no_image.png","","NEUF|RECUP"
""," Tète Cardan ","MEC0106","code128","","C2","Pc","Pc","Pc","0","0","0","Sans TVA","Exclusif","no_image.png","","NEUF|RECUP"
"","Pompe Carburant ","MEC0107","code128","","C2","Pc","Pc","Pc","0","0","0","Sans TVA","Exclusif","no_image.png","","NEUF|RECUP"
"","Support Amortisseur ","MEC0108","code128","","C2","Pc","Pc","Pc","0","0","0","Sans TVA","Exclusif","no_image.png","","NEUF|RECUP"
"","Filtre Boite Vitesse ","MEC0109","code128","","C2","Pc","Pc","Pc","0","0","0","Sans TVA","Exclusif","no_image.png","","NEUF|RECUP"
"","Capteur ","MEC0110","code128","","C2","Pc","Pc","Pc","0","0","0","Sans TVA","Exclusif","no_image.png","","NEUF|RECUP"
"","Pochette Joint ","MEC0111","code128","","C2","Pc","Pc","Pc","0","0","0","Sans TVA","Exclusif","no_image.png","","NEUF|RECUP"
"","Plaquette Av ","MEC0112","code128","","C2","Pc","Pc","Pc","0","0","0","Sans TVA","Exclusif","no_image.png","","NEUF|RECUP"
"","Thermostat","MEC0113","code128","","C2","Pc","Pc","Pc","0","0","0","Sans TVA","Exclusif","no_image.png","","NEUF|RECUP"
"","Joint Cache Soupape ","MEC0114","code128","","C2","Pc","Pc","Pc","0","0","0","Sans TVA","Exclusif","no_image.png","","NEUF|RECUP"
"","Filtre Essence  ","MEC0115","code128","","C2","Pc","Pc","Pc","0","0","0","Sans TVA","Exclusif","no_image.png","","NEUF|RECUP"
"","Maitre Cylindre De Frein ","MEC0116","code128","","C2","Pc","Pc","Pc","0","0","0","Sans TVA","Exclusif","no_image.png","","NEUF|RECUP"
"","Capteur Pression Roues ","MEC0117","code128","","C2","Pc","Pc","Pc","0","0","0","Sans TVA","Exclusif","no_image.png","","NEUF|RECUP"
"","Support Boite Automatique ","MEC0118","code128","","C2","Pc","Pc","Pc","0","0","0","Sans TVA","Exclusif","no_image.png","","NEUF|RECUP"
"","Support Cardan ","MEC0119","code128","","C2","Pc","Pc","Pc","0","0","0","Sans TVA","Exclusif","no_image.png","","NEUF|RECUP"
"","Capteur Position Vilebrequin","MEC0120","code128","","C2","Pc","Pc","Pc","0","0","0","Sans TVA","Exclusif","no_image.png","","NEUF|RECUP"
"","Courroie Grantee  ","MEC0121","code128","","C2","Pc","Pc","Pc","0","0","0","Sans TVA","Exclusif","no_image.png","","NEUF|RECUP"
"","Axe Fusee","MEC0122","code128","","C2","Pc","Pc","Pc","0","0","0","Sans TVA","Exclusif","no_image.png","","NEUF|RECUP"
"","Fusee Avd ","MEC0123","code128","","C2","Pc","Pc","Pc","0","0","0","Sans TVA","Exclusif","no_image.png","","NEUF|RECUP"
"","Fusee Avg","MEC0124","code128","","C2","Pc","Pc","Pc","0","0","0","Sans TVA","Exclusif","no_image.png","","NEUF|RECUP"
"","Répartiteur Frein ","MEC0125","code128","","C2","Pc","Pc","Pc","0","0","0","Sans TVA","Exclusif","no_image.png","","NEUF|RECUP"
"","Rotule  D","MEC0126","code128","","C2","Pc","Pc","Pc","0","0","0","Sans TVA","Exclusif","no_image.png","","NEUF|RECUP"
"","Rotule  G","MEC0127","code128","","C2","Pc","Pc","Pc","0","0","0","Sans TVA","Exclusif","no_image.png","","NEUF|RECUP"
"","Capteur  Filtre A Particulier ","MEC0128","code128","","C2","Pc","Pc","Pc","0","0","0","Sans TVA","Exclusif","no_image.png","","NEUF|RECUP"
"","Capteur Vilebrequin ","MEC0129","code128","","C2","Pc","Pc","Pc","0","0","0","Sans TVA","Exclusif","no_image.png","","NEUF|RECUP"
"","Agraf","MEC0130","code128","","C2","Pc","Pc","Pc","0","0","0","Sans TVA","Exclusif","no_image.png","","NEUF|RECUP"
"","Cable Embrayage","MEC0131","code128","","C2","Pc","Pc","Pc","0","0","0","Sans TVA","Exclusif","no_image.png","","NEUF|RECUP"
"","Biellette Secousse ","MEC0132","code128","","C2","Pc","Pc","Pc","0","0","0","Sans TVA","Exclusif","no_image.png","","NEUF|RECUP"
"","Pompe A Eau ","MEC0133","code128","","C2","Pc","Pc","Pc","0","0","0","Sans TVA","Exclusif","no_image.png","","NEUF|RECUP"
"","Sillent Bloc ","MEC0134","code128","","C2","Pc","Pc","Pc","0","0","0","Sans TVA","Exclusif","no_image.png","","NEUF|RECUP"
"","Durette Radiateur ","MEC0135","code128","","C2","Pc","Pc","Pc","0","0","0","Sans TVA","Exclusif","no_image.png","","NEUF|RECUP"
"","Ventilateur ","MEC0136","code128","","C2","Pc","Pc","Pc","0","0","0","Sans TVA","Exclusif","no_image.png","","NEUF|RECUP"
"","Moto Ventilateur ","MEC0137","code128","","C2","Pc","Pc","Pc","0","0","0","Sans TVA","Exclusif","no_image.png","","NEUF|RECUP"
"","Flecture Cardan Ar ","MEC0138","code128","","C2","Pc","Pc","Pc","0","0","0","Sans TVA","Exclusif","no_image.png","","NEUF|RECUP"
"","Feu Arg","MEC0139","code128","","C2","Pc","Pc","Pc","0","0","0","Sans TVA","Exclusif","no_image.png","","NEUF|RECUP"
"","Cache Soupape ","MEC0140","code128","","C2","Pc","Pc","Pc","0","0","0","Sans TVA","Exclusif","no_image.png","","NEUF|RECUP"
"","Filtre A Essence ","MEC0141","code128","","C2","Pc","Pc","Pc","0","0","0","Sans TVA","Exclusif","no_image.png","","NEUF|RECUP"
"","Tendeur Distribution","MEC0142","code128","","C2","Pc","Pc","Pc","0","0","0","Sans TVA","Exclusif","no_image.png","","NEUF|RECUP"
"","Courroie Dentée ","MEC0143","code128","","C2","Pc","Pc","Pc","0","0","0","Sans TVA","Exclusif","no_image.png","","NEUF|RECUP"
"","Sillent Bloc","MEC0144","code128","","C2","Pc","Pc","Pc","0","0","0","Sans TVA","Exclusif","no_image.png","","NEUF|RECUP"
"","Amortisseur Tendeur","MEC0145","code128","","C2","Pc","Pc","Pc","0","0","0","Sans TVA","Exclusif","no_image.png","","NEUF|RECUP"
"","Capteur Vilebrequin ","MEC0146","code128","","C2","Pc","Pc","Pc","0","0","0","Sans TVA","Exclusif","no_image.png","","NEUF|RECUP"
"","Roulement","MEC0147","code128","","C2","Pc","Pc","Pc","0","0","0","Sans TVA","Exclusif","no_image.png","","NEUF|RECUP"
"","Kit Roulement Av ","MEC0148","code128","","C2","Pc","Pc","Pc","0","0","0","Sans TVA","Exclusif","no_image.png","","NEUF|RECUP"
"","Radiateur  Chauffage ","MEC0149","code128","","C2","Pc","Pc","Pc","0","0","0","Sans TVA","Exclusif","no_image.png","","NEUF|RECUP"
"","Jeux Coussinet ","MEC0150","code128","","C2","Pc","Pc","Pc","0","0","0","Sans TVA","Exclusif","no_image.png","","NEUF|RECUP"
"","Cable Embrayage ","MEC0151","code128","","C2","Pc","Pc","Pc","0","0","0","Sans TVA","Exclusif","no_image.png","","NEUF|RECUP"
"","Amortisseur Courroie M190/M250 Etg","MEC0152","code128","","C2","Pc","Pc","Pc","0","0","0","Sans TVA","Exclusif","no_image.png","","NEUF|RECUP"
"","Culasse ","MEC0153","code128","","C2","Pc","Pc","Pc","0","0","0","Sans TVA","Exclusif","no_image.png","","NEUF|RECUP"
"","Courroie A Nervures","MEC0154","code128","","C2","Pc","Pc","Pc","0","0","0","Sans TVA","Exclusif","no_image.png","","NEUF|RECUP"
"","Pipette Thermostat ","MEC0155","code128","","C2","Pc","Pc","Pc","0","0","0","Sans TVA","Exclusif","no_image.png","","NEUF|RECUP"
"","Amortisseur Direction","MEC0156","code128","","C2","Pc","Pc","Pc","0","0","0","Sans TVA","Exclusif","no_image.png","","NEUF|RECUP"
"","Poulie Courroie","MEC0157","code128","","C2","Pc","Pc","Pc","0","0","0","Sans TVA","Exclusif","no_image.png","","NEUF|RECUP"
"","Poulie Alternateur","MEC0158","code128","","C2","Pc","Pc","Pc","0","0","0","Sans TVA","Exclusif","no_image.png","","NEUF|RECUP"
"","Arret d'huile Soupape ","MEC0159","code128","","C2","Pc","Pc","Pc","0","0","0","Sans TVA","Exclusif","no_image.png","","NEUF|RECUP"
"","Joint Male ","MEC0160","code128","","C2","Pc","Pc","Pc","0","0","0","Sans TVA","Exclusif","no_image.png","","NEUF|RECUP"
"","Chappe Direction Mer Droit  ","MEC0161","code128","","C2","Pc","Pc","Pc","0","0","0","Sans TVA","Exclusif","no_image.png","","NEUF|RECUP"
"","Chappe Direction Mer Gauche ","MEC0162","code128","","C2","Pc","Pc","Pc","0","0","0","Sans TVA","Exclusif","no_image.png","","NEUF|RECUP"
"","Amortisseur Direction ","MEC0163","code128","","C2","Pc","Pc","Pc","0","0","0","Sans TVA","Exclusif","no_image.png","","NEUF|RECUP"
"","Durite Radiateur ","MEC0164","code128","","C2","Pc","Pc","Pc","0","0","0","Sans TVA","Exclusif","no_image.png","","NEUF|RECUP"
"","Courroie Striée","MEC0165","code128","","C2","Pc","Pc","Pc","0","0","0","Sans TVA","Exclusif","no_image.png","","NEUF|RECUP"
"","Pompe A Eau ","MEC0166","code128","","C2","Pc","Pc","Pc","0","0","0","Sans TVA","Exclusif","no_image.png","","NEUF|RECUP"
"","Câble Compteur","MEC0167","code128","","C2","Pc","Pc","Pc","0","0","0","Sans TVA","Exclusif","no_image.png","","NEUF|RECUP"
"","Poulie Arbre A Cam","MEC0168","code128","","C2","Pc","Pc","Pc","0","0","0","Sans TVA","Exclusif","no_image.png","","NEUF|RECUP"
"","Axe Pivot ","MEC0169","code128","","C2","Pc","Pc","Pc","0","0","0","Sans TVA","Exclusif","no_image.png","","NEUF|RECUP"
"","Corps Pompe A Eau ","MEC0170","code128","","C2","Pc","Pc","Pc","0","0","0","Sans TVA","Exclusif","no_image.png","","NEUF|RECUP"
"","Rotule","MEC0171","code128","","C2","Pc","Pc","Pc","0","0","0","Sans TVA","Exclusif","no_image.png","","NEUF|RECUP"
"","Câble Compteur ","MEC0172","code128","","C2","Pc","Pc","Pc","0","0","0","Sans TVA","Exclusif","no_image.png","","NEUF|RECUP"
"","Arrêt Huile ","MEC0173","code128","","C2","Pc","Pc","Pc","0","0","0","Sans TVA","Exclusif","no_image.png","","NEUF|RECUP"
"","Huile Moteur 10w40","MEC0174","code128","","C2","Pc","Pc","Pc","0","0","0","Sans TVA","Exclusif","no_image.png","","NEUF|RECUP"
"","Huile Moteur 5w40 ","MEC0175","code128","","C2","Pc","Pc","Pc","0","0","0","Sans TVA","Exclusif","no_image.png","","NEUF|RECUP"
"","Huile Moteur 5w30","MEC0176","code128","","C2","Pc","Pc","Pc","0","0","0","Sans TVA","Exclusif","no_image.png","","NEUF|RECUP"
"","Tuyau Eau ","MEC0177","code128","","C2","Pc","Pc","Pc","0","0","0","Sans TVA","Exclusif","no_image.png","","NEUF|RECUP"
"","Vase Eau ","MEC0178","code128","","C2","Pc","Pc","Pc","0","0","0","Sans TVA","Exclusif","no_image.png","","NEUF|RECUP"
"","Butte ","MEC0179","code128","","C2","Pc","Pc","Pc","0","0","0","Sans TVA","Exclusif","no_image.png","","NEUF|RECUP"
"","Témoin Plaquette ","MEC0180","code128","","C2","Pc","Pc","Pc","0","0","0","Sans TVA","Exclusif","no_image.png","","NEUF|RECUP"
"","Bougie Préchauffage ","MEC0181","code128","","C2","Pc","Pc","Pc","0","0","0","Sans TVA","Exclusif","no_image.png","","NEUF|RECUP"
"","Chappe Direction ","MEC0182","code128","","C2","Pc","Pc","Pc","0","0","0","Sans TVA","Exclusif","no_image.png","","NEUF|RECUP"
"","Boitier Filtre A Air","MEC0183","code128","","C2","Pc","Pc","Pc","0","0","0","Sans TVA","Exclusif","no_image.png","","NEUF|RECUP"
"","Ad Bleu ","MEC0184","code128","","C2","Pc","Pc","Pc","0","0","0","Sans TVA","Exclusif","no_image.png","","NEUF|RECUP"
"","Kit Soufflet","MEC0185","code128","","C2","Pc","Pc","Pc","0","0","0","Sans TVA","Exclusif","no_image.png","","NEUF|RECUP"
"","Interrupteur ","MEC0186","code128","","C2","Pc","Pc","Pc","0","0","0","Sans TVA","Exclusif","no_image.png","","NEUF|RECUP"
"","Cable Frein A Main","MEC0187","code128","","C2","Pc","Pc","Pc","0","0","0","Sans TVA","Exclusif","no_image.png","","NEUF|RECUP"
"","Mano  Stop ","MEC0188","code128","","C2","Pc","Pc","Pc","0","0","0","Sans TVA","Exclusif","no_image.png","","NEUF|RECUP"
"","Kit Soufflet Cardan ","MEC0189","code128","","C2","Pc","Pc","Pc","0","0","0","Sans TVA","Exclusif","no_image.png","","NEUF|RECUP"
"","Cylindre De Roue ","MEC0190","code128","","C2","Pc","Pc","Pc","0","0","0","Sans TVA","Exclusif","no_image.png","","NEUF|RECUP"
"","Filtre Habitacle ","MEC0191","code128","","C2","Pc","Pc","Pc","0","0","0","Sans TVA","Exclusif","no_image.png","","NEUF|RECUP"
"","Pipe d'eau ","MEC0192","code128","","C2","Pc","Pc","Pc","0","0","0","Sans TVA","Exclusif","no_image.png","","NEUF|RECUP"
"","Pignon Compteur ","MEC0193","code128","","C2","Pc","Pc","Pc","0","0","0","Sans TVA","Exclusif","no_image.png","","NEUF|RECUP"
"","Sillent Bloc Crémaillère","MEC0194","code128","","C2","Pc","Pc","Pc","0","0","0","Sans TVA","Exclusif","no_image.png","","NEUF|RECUP"
"","Crémaillère  ","MEC0195","code128","","C2","Pc","Pc","Pc","0","0","0","Sans TVA","Exclusif","no_image.png","","NEUF|RECUP"
"","Interrupteur Lève Glace","MEC0196","code128","","C2","Pc","Pc","Pc","0","0","0","Sans TVA","Exclusif","no_image.png","","NEUF|RECUP"
"","Bougie Préchauffage ","MEC0197","code128","","C2","Pc","Pc","Pc","0","0","0","Sans TVA","Exclusif","no_image.png","","NEUF|RECUP"
"","Bouchon Vase D'eau  ","MEC0198","code128","","C2","Pc","Pc","Pc","0","0","0","Sans TVA","Exclusif","no_image.png","","NEUF|RECUP"
"","Injecteur ","MEC0199","code128","","C2","Pc","Pc","Pc","0","0","0","Sans TVA","Exclusif","no_image.png","","NEUF|RECUP"
"","Pompe A Gasoil","MEC0200","code128","","C2","Pc","Pc","Pc","0","0","0","Sans TVA","Exclusif","no_image.png","","NEUF|RECUP"
"","Joint Carter","MEC0201","code128","","C2","Pc","Pc","Pc","0","0","0","Sans TVA","Exclusif","no_image.png","","NEUF|RECUP"
"","Capteur Vitesse De Roue ","MEC0202","code128","","C2","Pc","Pc","Pc","0","0","0","Sans TVA","Exclusif","no_image.png","","NEUF|RECUP"
"","Mano Radiateur","MEC0203","code128","","C2","Pc","Pc","Pc","0","0","0","Sans TVA","Exclusif","no_image.png","","NEUF|RECUP"
"","Joint Torique Injecteur ","MEC0204","code128","","C2","Pc","Pc","Pc","0","0","0","Sans TVA","Exclusif","no_image.png","","NEUF|RECUP"
"","Témoin Filtre A Gazoil ","MEC0205","code128","","C2","Pc","Pc","Pc","0","0","0","Sans TVA","Exclusif","no_image.png","","NEUF|RECUP"
"","Pare Soleil  Droit ","MEC0206","code128","","C2","Pc","Pc","Pc","0","0","0","Sans TVA","Exclusif","no_image.png","","NEUF|RECUP"
"","Pare Soleil  Gauche  ","MEC0207","code128","","C2","Pc","Pc","Pc","0","0","0","Sans TVA","Exclusif","no_image.png","","NEUF|RECUP"
"","Soufflet Crémaillère ","MEC0208","code128","","C2","Pc","Pc","Pc","0","0","0","Sans TVA","Exclusif","no_image.png","","NEUF|RECUP"
"","Pompe Lave Glace ","MEC0209","code128","","C2","Pc","Pc","Pc","0","0","0","Sans TVA","Exclusif","no_image.png","","NEUF|RECUP"
"","Mano Marche Ar ","MEC0210","code128","","C2","Pc","Pc","Pc","0","0","0","Sans TVA","Exclusif","no_image.png","","NEUF|RECUP"
"","Stop Moteur ","MEC0211","code128","","C2","Pc","Pc","Pc","0","0","0","Sans TVA","Exclusif","no_image.png","","NEUF|RECUP"
"","Tondeur Chaine Distribution ","MEC0212","code128","","C2","Pc","Pc","Pc","0","0","0","Sans TVA","Exclusif","no_image.png","","NEUF|RECUP"
"","Biellette Ar","MEC0213","code128","","C2","Pc","Pc","Pc","0","0","0","Sans TVA","Exclusif","no_image.png","","NEUF|RECUP"
"","Antigel Rouge ","MEC0214","code128","","C2","Pc","Pc","Pc","0","0","0","Sans TVA","Exclusif","no_image.png","","NEUF|RECUP"
"","Antigel Bleu ","MEC0215","code128","","C2","Pc","Pc","Pc","0","0","0","Sans TVA","Exclusif","no_image.png","","NEUF|RECUP"
"","Mano De Température","MEC0216","code128","","C2","Pc","Pc","Pc","0","0","0","Sans TVA","Exclusif","no_image.png","","NEUF|RECUP"
"","Poussoir ","MEC0217","code128","","C2","Pc","Pc","Pc","0","0","0","Sans TVA","Exclusif","no_image.png","","NEUF|RECUP"
"","Ballai Essuie Glace Av","MEC0218","code128","","C2","Pc","Pc","Pc","0","0","0","Sans TVA","Exclusif","no_image.png","","NEUF|RECUP"
"","Ballai Essuie Glace Ar","MEC0219","code128","","C2","Pc","Pc","Pc","0","0","0","Sans TVA","Exclusif","no_image.png","","NEUF|RECUP"
"","Caoutchouc Amortisseur ","MEC0220","code128","","C2","Pc","Pc","Pc","0","0","0","Sans TVA","Exclusif","no_image.png","","NEUF|RECUP"
"","Huile Boite A Vitesse  75w90 ","MEC0221","code128","","C2","Pc","Pc","Pc","0","0","0","Sans TVA","Exclusif","no_image.png","","NEUF|RECUP"
"","Poussoir Hydraulique ","MEC0222","code128","","C2","Pc","Pc","Pc","0","0","0","Sans TVA","Exclusif","no_image.png","","NEUF|RECUP"
"","Jeux Arrêt D'huile Soupape","MEC0223","code128","","C2","Pc","Pc","Pc","0","0","0","Sans TVA","Exclusif","no_image.png","","NEUF|RECUP"
"","Pompe D'amorçage ","MEC0224","code128","","C2","Pc","Pc","Pc","0","0","0","Sans TVA","Exclusif","no_image.png","","NEUF|RECUP"
"","La Tresse ","MEC0225","code128","","C2","Pc","Pc","Pc","0","0","0","Sans TVA","Exclusif","no_image.png","","NEUF|RECUP"
"","Mano Marche Ar ","MEC0226","code128","","C2","Pc","Pc","Pc","0","0","0","Sans TVA","Exclusif","no_image.png","","NEUF|RECUP"
"","Cylindre Coussinet Bielle ","MEC0227","code128","","C2","Pc","Pc","Pc","0","0","0","Sans TVA","Exclusif","no_image.png","","NEUF|RECUP"
"","Bougie Allumage ","MEC0228","code128","","C2","Pc","Pc","Pc","0","0","0","Sans TVA","Exclusif","no_image.png","","NEUF|RECUP"
"","Joint Carter","MEC0229","code128","","C2","Pc","Pc","Pc","0","0","0","Sans TVA","Exclusif","no_image.png","","NEUF|RECUP"
"","Clapet Anti Retour","MEC0230","code128","","C2","Pc","Pc","Pc","0","0","0","Sans TVA","Exclusif","no_image.png","","NEUF|RECUP"
"","Rondelle Injecteur","MEC0231","code128","","C2","Pc","Pc","Pc","0","0","0","Sans TVA","Exclusif","no_image.png","","NEUF|RECUP"
"","Bague Levier Vitesse ","MEC0232","code128","","C2","Pc","Pc","Pc","0","0","0","Sans TVA","Exclusif","no_image.png","","NEUF|RECUP"
"","Joint Pompe A Gasoil","MEC0233","code128","","C2","Pc","Pc","Pc","0","0","0","Sans TVA","Exclusif","no_image.png","","NEUF|RECUP"
"","Caoutchouc Injection ","MEC0234","code128","","C2","Pc","Pc","Pc","0","0","0","Sans TVA","Exclusif","no_image.png","","NEUF|RECUP"
"","Joint Vidange","MEC0235","code128","","C2","Pc","Pc","Pc","0","0","0","Sans TVA","Exclusif","no_image.png","","NEUF|RECUP"
"","Peau D'échappement ","MEC0236","code128","","C2","Pc","Pc","Pc","0","0","0","Sans TVA","Exclusif","no_image.png","","NEUF|RECUP"
"","Catalyseur ","MEC0237","code128","","C2","Pc","Pc","Pc","0","0","0","Sans TVA","Exclusif","no_image.png","","NEUF|RECUP"
"","Silence D'échappement ","MEC0238","code128","","C2","Pc","Pc","Pc","0","0","0","Sans TVA","Exclusif","no_image.png","","NEUF|RECUP"
"","Par Choc Avant","CAR0001","code128","","C1","Pc","Pc","Pc","0","0","0","Sans TVA","Exclusif","no_image.png","","NEUF|RECUP"
"","Jupe Pare Choc Av","CAR0002","code128","","C1","Pc","Pc","Pc","0","0","0","Sans TVA","Exclusif","no_image.png","","NEUF|RECUP"
"","Fixation Pare Choc Avg","CAR0003","code128","","C1","Pc","Pc","Pc","0","0","0","Sans TVA","Exclusif","no_image.png","","NEUF|RECUP"
"","Fixation Pare Choc Avd","CAR0004","code128","","C1","Pc","Pc","Pc","0","0","0","Sans TVA","Exclusif","no_image.png","","NEUF|RECUP"
"","Jeu De Fixation Avant","CAR0005","code128","","C1","Pc","Pc","Pc","0","0","0","Sans TVA","Exclusif","no_image.png","","NEUF|RECUP"
"","Grille Pare Choc Av","CAR0006","code128","","C1","Pc","Pc","Pc","0","0","0","Sans TVA","Exclusif","no_image.png","","NEUF|RECUP"
"","Enjoliveur Pare Choc Av","CAR0007","code128","","C1","Pc","Pc","Pc","0","0","0","Sans TVA","Exclusif","no_image.png","","NEUF|RECUP"
"","Absorbeur De Pare Choc Av","CAR0008","code128","","C1","Pc","Pc","Pc","0","0","0","Sans TVA","Exclusif","no_image.png","","NEUF|RECUP"
"","Sabot Avd","CAR0009","code128","","C1","Pc","Pc","Pc","0","0","0","Sans TVA","Exclusif","no_image.png","","NEUF|RECUP"
"","Sabot Avg","CAR0010","code128","","C1","Pc","Pc","Pc","0","0","0","Sans TVA","Exclusif","no_image.png","","NEUF|RECUP"
"","Pare-choc Centrale Av","CAR0011","code128","","C1","Pc","Pc","Pc","0","0","0","Sans TVA","Exclusif","no_image.png","","NEUF|RECUP"
"","Enjoliveur Anti Brouillard Avd","CAR0012","code128","","C1","Pc","Pc","Pc","0","0","0","Sans TVA","Exclusif","no_image.png","","NEUF|RECUP"
"","Enjoliveur Anti Brouillard Avg","CAR0013","code128","","C1","Pc","Pc","Pc","0","0","0","Sans TVA","Exclusif","no_image.png","","NEUF|RECUP"
"","Cache Anti Brouillard Avd","CAR0014","code128","","C1","Pc","Pc","Pc","0","0","0","Sans TVA","Exclusif","no_image.png","","NEUF|RECUP"
"","Cache Anti Brouillard Avg","CAR0015","code128","","C1","Pc","Pc","Pc","0","0","0","Sans TVA","Exclusif","no_image.png","","NEUF|RECUP"
"","Renfort De Pare Choc Av","CAR0016","code128","","C1","Pc","Pc","Pc","0","0","0","Sans TVA","Exclusif","no_image.png","","NEUF|RECUP"
"","Calandre Avant","CAR0017","code128","","C1","Pc","Pc","Pc","0","0","0","Sans TVA","Exclusif","no_image.png","","NEUF|RECUP"
"","Grille De Calandre Av","CAR0018","code128","","C1","Pc","Pc","Pc","0","0","0","Sans TVA","Exclusif","no_image.png","","NEUF|RECUP"
"","Plage Calandre Av","CAR0019","code128","","C1","Pc","Pc","Pc","0","0","0","Sans TVA","Exclusif","no_image.png","","NEUF|RECUP"
"","Enjoliveur Calandre Av","CAR0020","code128","","C1","Pc","Pc","Pc","0","0","0","Sans TVA","Exclusif","no_image.png","","NEUF|RECUP"
"","Chromée De Calandre Av","CAR0021","code128","","C1","Pc","Pc","Pc","0","0","0","Sans TVA","Exclusif","no_image.png","","NEUF|RECUP"
"","Fixation De Calandre Av","CAR0022","code128","","C1","Pc","Pc","Pc","0","0","0","Sans TVA","Exclusif","no_image.png","","NEUF|RECUP"
"","Grille Calandre Avd","CAR0023","code128","","C1","Pc","Pc","Pc","0","0","0","Sans TVA","Exclusif","no_image.png","","NEUF|RECUP"
"","Monogramme Av","CAR0024","code128","","C1","Pc","Pc","Pc","0","0","0","Sans TVA","Exclusif","no_image.png","","NEUF|RECUP"
"","Sigle Av","CAR0025","code128","","C1","Pc","Pc","Pc","0","0","0","Sans TVA","Exclusif","no_image.png","","NEUF|RECUP"
"","Anti Brouillard Avd","CAR0026","code128","","C1","Pc","Pc","Pc","0","0","0","Sans TVA","Exclusif","no_image.png","","NEUF|RECUP"
"","Anti Brouillard Avg","CAR0027","code128","","C1","Pc","Pc","Pc","0","0","0","Sans TVA","Exclusif","no_image.png","","NEUF|RECUP"
"","Support Antibrouillard Avd","CAR0028","code128","","C1","Pc","Pc","Pc","0","0","0","Sans TVA","Exclusif","no_image.png","","NEUF|RECUP"
"","Support Antibrouillard Avg","CAR0029","code128","","C1","Pc","Pc","Pc","0","0","0","Sans TVA","Exclusif","no_image.png","","NEUF|RECUP"
"","Capot Moteur ","CAR0030","code128","","C1","Pc","Pc","Pc","0","0","0","Sans TVA","Exclusif","no_image.png","","NEUF|RECUP"
"","Charnière Capot Avd","CAR0031","code128","","C1","Pc","Pc","Pc","0","0","0","Sans TVA","Exclusif","no_image.png","","NEUF|RECUP"
"","Charnière Capot Avg","CAR0032","code128","","C1","Pc","Pc","Pc","0","0","0","Sans TVA","Exclusif","no_image.png","","NEUF|RECUP"
"","En Lécheur Avd","CAR0033","code128","","C1","Pc","Pc","Pc","0","0","0","Sans TVA","Exclusif","no_image.png","","NEUF|RECUP"
"","En Lécheur Avg","CAR0034","code128","","C1","Pc","Pc","Pc","0","0","0","Sans TVA","Exclusif","no_image.png","","NEUF|RECUP"
"","Serrure De Capot","CAR0035","code128","","C1","Pc","Pc","Pc","0","0","0","Sans TVA","Exclusif","no_image.png","","NEUF|RECUP"
"","Vérin De Capot","CAR0036","code128","","C1","Pc","Pc","Pc","0","0","0","Sans TVA","Exclusif","no_image.png","","NEUF|RECUP"
"","Cache Thermique Capot Av","CAR0037","code128","","C1","Pc","Pc","Pc","0","0","0","Sans TVA","Exclusif","no_image.png","","NEUF|RECUP"
"","Tiret Capot","CAR0038","code128","","C1","Pc","Pc","Pc","0","0","0","Sans TVA","Exclusif","no_image.png","","NEUF|RECUP"
"","Gauche De Capot","CAR0039","code128","","C1","Pc","Pc","Pc","0","0","0","Sans TVA","Exclusif","no_image.png","","NEUF|RECUP"
"","Masque Avant","CAR0040","code128","","C1","Pc","Pc","Pc","0","0","0","Sans TVA","Exclusif","no_image.png","","NEUF|RECUP"
"","Traverse Avant","CAR0041","code128","","C1","Pc","Pc","Pc","0","0","0","Sans TVA","Exclusif","no_image.png","","NEUF|RECUP"
"","Optique Avd","CAR0042","code128","","C1","Pc","Pc","Pc","0","0","0","Sans TVA","Exclusif","no_image.png","","NEUF|RECUP"
"","Optique Avg","CAR0043","code128","","C1","Pc","Pc","Pc","0","0","0","Sans TVA","Exclusif","no_image.png","","NEUF|RECUP"
"","Boitier Led ","CAR0044","code128","","C1","Pc","Pc","Pc","0","0","0","Sans TVA","Exclusif","no_image.png","","NEUF|RECUP"
"","Roulais Optique","CAR0045","code128","","C1","Pc","Pc","Pc","0","0","0","Sans TVA","Exclusif","no_image.png","","NEUF|RECUP"
"","Fixation Optique Avd","CAR0046","code128","","C1","Pc","Pc","Pc","0","0","0","Sans TVA","Exclusif","no_image.png","","NEUF|RECUP"
"","Fixation Optique Avg","CAR0047","code128","","C1","Pc","Pc","Pc","0","0","0","Sans TVA","Exclusif","no_image.png","","NEUF|RECUP"
"","Aile Avant D","CAR0048","code128","","C1","Pc","Pc","Pc","0","0","0","Sans TVA","Exclusif","no_image.png","","NEUF|RECUP"
"","Aile Avant G","CAR0049","code128","","C1","Pc","Pc","Pc","0","0","0","Sans TVA","Exclusif","no_image.png","","NEUF|RECUP"
"","Fixation D'aile Avd","CAR0050","code128","","C1","Pc","Pc","Pc","0","0","0","Sans TVA","Exclusif","no_image.png","","NEUF|RECUP"
"","Fixation D'aile Avd","CAR0051","code128","","C1","Pc","Pc","Pc","0","0","0","Sans TVA","Exclusif","no_image.png","","NEUF|RECUP"
"","Enjoliveur D'aile Avd","CAR0052","code128","","C1","Pc","Pc","Pc","0","0","0","Sans TVA","Exclusif","no_image.png","","NEUF|RECUP"
"","Enjoliveur D'aile Avg","CAR0053","code128","","C1","Pc","Pc","Pc","0","0","0","Sans TVA","Exclusif","no_image.png","","NEUF|RECUP"
"","Elargisseur D'aile Avd","CAR0054","code128","","C1","Pc","Pc","Pc","0","0","0","Sans TVA","Exclusif","no_image.png","","NEUF|RECUP"
"","Elargisseur D'aile Avg","CAR0055","code128","","C1","Pc","Pc","Pc","0","0","0","Sans TVA","Exclusif","no_image.png","","NEUF|RECUP"
"","Pare Boue Avd","CAR0056","code128","","C1","Pc","Pc","Pc","0","0","0","Sans TVA","Exclusif","no_image.png","","NEUF|RECUP"
"","Pare Boue Avg","CAR0057","code128","","C1","Pc","Pc","Pc","0","0","0","Sans TVA","Exclusif","no_image.png","","NEUF|RECUP"
"","Buse Radiateur","CAR0058","code128","","C1","Pc","Pc","Pc","0","0","0","Sans TVA","Exclusif","no_image.png","","NEUF|RECUP"
"","Moto Ventilateur","CAR0059","code128","","C1","Pc","Pc","Pc","0","0","0","Sans TVA","Exclusif","no_image.png","","NEUF|RECUP"
"","Ventilateur","CAR0060","code128","","C1","Pc","Pc","Pc","0","0","0","Sans TVA","Exclusif","no_image.png","","NEUF|RECUP"
"","Relais De Ventilateur","CAR0061","code128","","C1","Pc","Pc","Pc","0","0","0","Sans TVA","Exclusif","no_image.png","","NEUF|RECUP"
"","Vase Essuie Glace","CAR0062","code128","","C1","Pc","Pc","Pc","0","0","0","Sans TVA","Exclusif","no_image.png","","NEUF|RECUP"
"","Moteur Vase Essuie Glace ","CAR0063","code128","","C1","Pc","Pc","Pc","0","0","0","Sans TVA","Exclusif","no_image.png","","NEUF|RECUP"
"","Lave Optique Avd","CAR0064","code128","","C1","Pc","Pc","Pc","0","0","0","Sans TVA","Exclusif","no_image.png","","NEUF|RECUP"
"","Lave Optique Avg","CAR0065","code128","","C1","Pc","Pc","Pc","0","0","0","Sans TVA","Exclusif","no_image.png","","NEUF|RECUP"
"","Mécanisme Lave Optique Avd","CAR0066","code128","","C1","Pc","Pc","Pc","0","0","0","Sans TVA","Exclusif","no_image.png","","NEUF|RECUP"
"","Mécanisme Lave Optique Avg","CAR0067","code128","","C1","Pc","Pc","Pc","0","0","0","Sans TVA","Exclusif","no_image.png","","NEUF|RECUP"
"","Capteur De Proximité","CAR0068","code128","","C1","Pc","Pc","Pc","0","0","0","Sans TVA","Exclusif","no_image.png","","NEUF|RECUP"
"","Capteur Angles Mort","CAR0069","code128","","C1","Pc","Pc","Pc","0","0","0","Sans TVA","Exclusif","no_image.png","","NEUF|RECUP"
"","Mécanisme Essuie Glace Av","CAR0070","code128","","C1","Pc","Pc","Pc","0","0","0","Sans TVA","Exclusif","no_image.png","","NEUF|RECUP"
"","Bras Essuie Glace Avd","CAR0071","code128","","C1","Pc","Pc","Pc","0","0","0","Sans TVA","Exclusif","no_image.png","","NEUF|RECUP"
"","Bras Essuie Glace Avg","CAR0072","code128","","C1","Pc","Pc","Pc","0","0","0","Sans TVA","Exclusif","no_image.png","","NEUF|RECUP"
"","Pare Brise Avant ","CAR0073","code128","","C1","Pc","Pc","Pc","0","0","0","Sans TVA","Exclusif","no_image.png","","NEUF|RECUP"
"","Enjoliveur Pare Brise Avd","CAR0074","code128","","C1","Pc","Pc","Pc","0","0","0","Sans TVA","Exclusif","no_image.png","","NEUF|RECUP"
"","Enjoliveur Pare Brise Avg","CAR0075","code128","","C1","Pc","Pc","Pc","0","0","0","Sans TVA","Exclusif","no_image.png","","NEUF|RECUP"
"","Joint Pare Brise Av","CAR0076","code128","","C1","Pc","Pc","Pc","0","0","0","Sans TVA","Exclusif","no_image.png","","NEUF|RECUP"
"","Montant Avd","CAR0077","code128","","C1","Pc","Pc","Pc","0","0","0","Sans TVA","Exclusif","no_image.png","","NEUF|RECUP"
"","Montant Avg","CAR0078","code128","","C1","Pc","Pc","Pc","0","0","0","Sans TVA","Exclusif","no_image.png","","NEUF|RECUP"
"","Jeu D'aile Avd","CAR0079","code128","","C1","Pc","Pc","Pc","0","0","0","Sans TVA","Exclusif","no_image.png","","NEUF|RECUP"
"","Jeu D'aile Avg","CAR0080","code128","","C1","Pc","Pc","Pc","0","0","0","Sans TVA","Exclusif","no_image.png","","NEUF|RECUP"
"","Doublure D'aile Avd","CAR0081","code128","","C1","Pc","Pc","Pc","0","0","0","Sans TVA","Exclusif","no_image.png","","NEUF|RECUP"
"","Doublure D'aile Avg","CAR0082","code128","","C1","Pc","Pc","Pc","0","0","0","Sans TVA","Exclusif","no_image.png","","NEUF|RECUP"
"","Berceau Av","CAR0083","code128","","C1","Pc","Pc","Pc","0","0","0","Sans TVA","Exclusif","no_image.png","","NEUF|RECUP"
"","Tableau De Bord ","CAR0084","code128","","C1","Pc","Pc","Pc","0","0","0","Sans TVA","Exclusif","no_image.png","","NEUF|RECUP"
"","Plafond","CAR0085","code128","","C1","Pc","Pc","Pc","0","0","0","Sans TVA","Exclusif","no_image.png","","NEUF|RECUP"
"","Garniture Plafond","CAR0086","code128","","C1","Pc","Pc","Pc","0","0","0","Sans TVA","Exclusif","no_image.png","","NEUF|RECUP"
"","Porte Avant D","CAR0087","code128","","C1","Pc","Pc","Pc","0","0","0","Sans TVA","Exclusif","no_image.png","","NEUF|RECUP"
"","Porte Avant G","CAR0088","code128","","C1","Pc","Pc","Pc","0","0","0","Sans TVA","Exclusif","no_image.png","","NEUF|RECUP"
"","Baguette Porte Avd","CAR0089","code128","","C1","Pc","Pc","Pc","0","0","0","Sans TVA","Exclusif","no_image.png","","NEUF|RECUP"
"","Baguette Porte Avg","CAR0090","code128","","C1","Pc","Pc","Pc","0","0","0","Sans TVA","Exclusif","no_image.png","","NEUF|RECUP"
"","Mécanisme Lève Glace Avd","CAR0091","code128","","C1","Pc","Pc","Pc","0","0","0","Sans TVA","Exclusif","no_image.png","","NEUF|RECUP"
"","Mécanisme Lève Glace Avd","CAR0092","code128","","C1","Pc","Pc","Pc","0","0","0","Sans TVA","Exclusif","no_image.png","","NEUF|RECUP"
"","Interrupteur Lève Glace Avd","CAR0093","code128","","C1","Pc","Pc","Pc","0","0","0","Sans TVA","Exclusif","no_image.png","","NEUF|RECUP"
"","Interrupteur Lève Glace Avg","CAR0094","code128","","C1","Pc","Pc","Pc","0","0","0","Sans TVA","Exclusif","no_image.png","","NEUF|RECUP"
"","Vitre Porte Avd","CAR0095","code128","","C1","Pc","Pc","Pc","0","0","0","Sans TVA","Exclusif","no_image.png","","NEUF|RECUP"
"","Vitre Porte Avg","CAR0096","code128","","C1","Pc","Pc","Pc","0","0","0","Sans TVA","Exclusif","no_image.png","","NEUF|RECUP"
"","Joint Porte Avd","CAR0097","code128","","C1","Pc","Pc","Pc","0","0","0","Sans TVA","Exclusif","no_image.png","","NEUF|RECUP"
"","Joint Porte Avg","CAR0098","code128","","C1","Pc","Pc","Pc","0","0","0","Sans TVA","Exclusif","no_image.png","","NEUF|RECUP"
"","Déflecteur Porte Avd","CAR0099","code128","","C1","Pc","Pc","Pc","0","0","0","Sans TVA","Exclusif","no_image.png","","NEUF|RECUP"
"","Déflecteur Porte Avg","CAR0100","code128","","C1","Pc","Pc","Pc","0","0","0","Sans TVA","Exclusif","no_image.png","","NEUF|RECUP"
"","Léchur Porte Avd","CAR0101","code128","","C1","Pc","Pc","Pc","0","0","0","Sans TVA","Exclusif","no_image.png","","NEUF|RECUP"
"","Léchur Porte Avg","CAR0102","code128","","C1","Pc","Pc","Pc","0","0","0","Sans TVA","Exclusif","no_image.png","","NEUF|RECUP"
"","Rétroviseur Ext Droit ","CAR0103","code128","","C1","Pc","Pc","Pc","0","0","0","Sans TVA","Exclusif","no_image.png","","NEUF|RECUP"
"","Rétroviseur Intérieure","CAR0104","code128","","C1","Pc","Pc","Pc","0","0","0","Sans TVA","Exclusif","no_image.png","","NEUF|RECUP"
"","Rétroviseur Ext Gauche","CAR0105","code128","","C1","Pc","Pc","Pc","0","0","0","Sans TVA","Exclusif","no_image.png","","NEUF|RECUP"
"","Glace Rétroviseur D","CAR0106","code128","","C1","Pc","Pc","Pc","0","0","0","Sans TVA","Exclusif","no_image.png","","NEUF|RECUP"
"","Glace Rétroviseur G","CAR0107","code128","","C1","Pc","Pc","Pc","0","0","0","Sans TVA","Exclusif","no_image.png","","NEUF|RECUP"
"","Couvercle Rétroviseur D","CAR0108","code128","","C1","Pc","Pc","Pc","0","0","0","Sans TVA","Exclusif","no_image.png","","NEUF|RECUP"
"","Couvercle Rétroviseur G","CAR0109","code128","","C1","Pc","Pc","Pc","0","0","0","Sans TVA","Exclusif","no_image.png","","NEUF|RECUP"
"","Cache Rétroviseur D","CAR0110","code128","","C1","Pc","Pc","Pc","0","0","0","Sans TVA","Exclusif","no_image.png","","NEUF|RECUP"
"","Cache Rétroviseur G","CAR0111","code128","","C1","Pc","Pc","Pc","0","0","0","Sans TVA","Exclusif","no_image.png","","NEUF|RECUP"
"","Clignotent  Rétroviseur Avd","CAR0112","code128","","C1","Pc","Pc","Pc","0","0","0","Sans TVA","Exclusif","no_image.png","","NEUF|RECUP"
"","Clignotent  Rétroviseur Avg","CAR0113","code128","","C1","Pc","Pc","Pc","0","0","0","Sans TVA","Exclusif","no_image.png","","NEUF|RECUP"
"","Clignotent Avd","CAR0114","code128","","C1","Pc","Pc","Pc","0","0","0","Sans TVA","Exclusif","no_image.png","","NEUF|RECUP"
"","Clignotent Avg","CAR0115","code128","","C1","Pc","Pc","Pc","0","0","0","Sans TVA","Exclusif","no_image.png","","NEUF|RECUP"
"","Poigner Ext Porte Avd","CAR0116","code128","","C1","Pc","Pc","Pc","0","0","0","Sans TVA","Exclusif","no_image.png","","NEUF|RECUP"
"","Poigner Ext Porte Avd","CAR0117","code128","","C1","Pc","Pc","Pc","0","0","0","Sans TVA","Exclusif","no_image.png","","NEUF|RECUP"
"","Poigner Int Porte Avd","CAR0118","code128","","C1","Pc","Pc","Pc","0","0","0","Sans TVA","Exclusif","no_image.png","","NEUF|RECUP"
"","Poigner Int Porte Avg","CAR0119","code128","","C1","Pc","Pc","Pc","0","0","0","Sans TVA","Exclusif","no_image.png","","NEUF|RECUP"
"","Garniture Porte Avd","CAR0120","code128","","C1","Pc","Pc","Pc","0","0","0","Sans TVA","Exclusif","no_image.png","","NEUF|RECUP"
"","Garniture Porte Avg","CAR0121","code128","","C1","Pc","Pc","Pc","0","0","0","Sans TVA","Exclusif","no_image.png","","NEUF|RECUP"
"","Gâche Porte Avd","CAR0122","code128","","C1","Pc","Pc","Pc","0","0","0","Sans TVA","Exclusif","no_image.png","","NEUF|RECUP"
"","Gâche Porte Avg","CAR0123","code128","","C1","Pc","Pc","Pc","0","0","0","Sans TVA","Exclusif","no_image.png","","NEUF|RECUP"
"","Serrure De Porte Avd","CAR0124","code128","","C1","Pc","Pc","Pc","0","0","0","Sans TVA","Exclusif","no_image.png","","NEUF|RECUP"
"","Serrure De Porte Avg","CAR0125","code128","","C1","Pc","Pc","Pc","0","0","0","Sans TVA","Exclusif","no_image.png","","NEUF|RECUP"
"","Barillet Porte Avd","CAR0126","code128","","C1","Pc","Pc","Pc","0","0","0","Sans TVA","Exclusif","no_image.png","","NEUF|RECUP"
"","Barillet Porte Avg","CAR0127","code128","","C1","Pc","Pc","Pc","0","0","0","Sans TVA","Exclusif","no_image.png","","NEUF|RECUP"
"","Arrêt Porte Avd","CAR0128","code128","","C1","Pc","Pc","Pc","0","0","0","Sans TVA","Exclusif","no_image.png","","NEUF|RECUP"
"","Arrêt Porte Avg","CAR0129","code128","","C1","Pc","Pc","Pc","0","0","0","Sans TVA","Exclusif","no_image.png","","NEUF|RECUP"
"","Bas De Caisse D","CAR0130","code128","","C1","Pc","Pc","Pc","0","0","0","Sans TVA","Exclusif","no_image.png","","NEUF|RECUP"
"","Bas De Caisse G","CAR0131","code128","","C1","Pc","Pc","Pc","0","0","0","Sans TVA","Exclusif","no_image.png","","NEUF|RECUP"
"","Doublure Caisse D","CAR0132","code128","","C1","Pc","Pc","Pc","0","0","0","Sans TVA","Exclusif","no_image.png","","NEUF|RECUP"
"","Doublure Caisse G","CAR0133","code128","","C1","Pc","Pc","Pc","0","0","0","Sans TVA","Exclusif","no_image.png","","NEUF|RECUP"
"","Montant Centrale D","CAR0134","code128","","C1","Pc","Pc","Pc","0","0","0","Sans TVA","Exclusif","no_image.png","","NEUF|RECUP"
"","Montant Centrale G","CAR0135","code128","","C1","Pc","Pc","Pc","0","0","0","Sans TVA","Exclusif","no_image.png","","NEUF|RECUP"
"","Pommeau  Levier De Vitesse ","CAR0136","code128","","C1","Pc","Pc","Pc","0","0","0","Sans TVA","Exclusif","no_image.png","","NEUF|RECUP"
"","Tige Levier De Vitesse","CAR0137","code128","","C1","Pc","Pc","Pc","0","0","0","Sans TVA","Exclusif","no_image.png","","NEUF|RECUP"
"","Cache Levier De Vitesse","CAR0138","code128","","C1","Pc","Pc","Pc","0","0","0","Sans TVA","Exclusif","no_image.png","","NEUF|RECUP"
"","Garniture Centrale","CAR0139","code128","","C1","Pc","Pc","Pc","0","0","0","Sans TVA","Exclusif","no_image.png","","NEUF|RECUP"
"","Siège Avd","CAR0140","code128","","C1","Pc","Pc","Pc","0","0","0","Sans TVA","Exclusif","no_image.png","","NEUF|RECUP"
"","Siège Avd","CAR0141","code128","","C1","Pc","Pc","Pc","0","0","0","Sans TVA","Exclusif","no_image.png","","NEUF|RECUP"
"","Porte Arrière D","CAR0142","code128","","C1","Pc","Pc","Pc","0","0","0","Sans TVA","Exclusif","no_image.png","","NEUF|RECUP"
"","Porte Arrière G","CAR0143","code128","","C1","Pc","Pc","Pc","0","0","0","Sans TVA","Exclusif","no_image.png","","NEUF|RECUP"
"","Baguette Porte Ard","CAR0144","code128","","C1","Pc","Pc","Pc","0","0","0","Sans TVA","Exclusif","no_image.png","","NEUF|RECUP"
"","Baguette Porte Arg","CAR0145","code128","","C1","Pc","Pc","Pc","0","0","0","Sans TVA","Exclusif","no_image.png","","NEUF|RECUP"
"","Mécanisme Lève Glace Ard","CAR0146","code128","","C1","Pc","Pc","Pc","0","0","0","Sans TVA","Exclusif","no_image.png","","NEUF|RECUP"
"","Mécanisme Lève Glace Arg","CAR0147","code128","","C1","Pc","Pc","Pc","0","0","0","Sans TVA","Exclusif","no_image.png","","NEUF|RECUP"
"","Interrupteur Lève Glace Ard","CAR0148","code128","","C1","Pc","Pc","Pc","0","0","0","Sans TVA","Exclusif","no_image.png","","NEUF|RECUP"
"","Interrupteur Lève Glace Arg","CAR0149","code128","","C1","Pc","Pc","Pc","0","0","0","Sans TVA","Exclusif","no_image.png","","NEUF|RECUP"
"","Vitre Porte Ard","CAR0150","code128","","C1","Pc","Pc","Pc","0","0","0","Sans TVA","Exclusif","no_image.png","","NEUF|RECUP"
"","Vitre Porte Arg","CAR0151","code128","","C1","Pc","Pc","Pc","0","0","0","Sans TVA","Exclusif","no_image.png","","NEUF|RECUP"
"","Joint Porte Ard","CAR0152","code128","","C1","Pc","Pc","Pc","0","0","0","Sans TVA","Exclusif","no_image.png","","NEUF|RECUP"
"","Joint Porte Arg","CAR0153","code128","","C1","Pc","Pc","Pc","0","0","0","Sans TVA","Exclusif","no_image.png","","NEUF|RECUP"
"","Déflecteur Porte Ard","CAR0154","code128","","C1","Pc","Pc","Pc","0","0","0","Sans TVA","Exclusif","no_image.png","","NEUF|RECUP"
"","Déflecteur Porte Arg","CAR0155","code128","","C1","Pc","Pc","Pc","0","0","0","Sans TVA","Exclusif","no_image.png","","NEUF|RECUP"
"","Léchur Porte Ard","CAR0156","code128","","C1","Pc","Pc","Pc","0","0","0","Sans TVA","Exclusif","no_image.png","","NEUF|RECUP"
"","Léchur Porte Arg","CAR0157","code128","","C1","Pc","Pc","Pc","0","0","0","Sans TVA","Exclusif","no_image.png","","NEUF|RECUP"
"","Poigner Ext Porte Ard","CAR0158","code128","","C1","Pc","Pc","Pc","0","0","0","Sans TVA","Exclusif","no_image.png","","NEUF|RECUP"
"","Poigner Ext Porte Arg","CAR0159","code128","","C1","Pc","Pc","Pc","0","0","0","Sans TVA","Exclusif","no_image.png","","NEUF|RECUP"
"","Poigner Int Porte Ard","CAR0160","code128","","C1","Pc","Pc","Pc","0","0","0","Sans TVA","Exclusif","no_image.png","","NEUF|RECUP"
"","Poigner Int Porte Arg","CAR0161","code128","","C1","Pc","Pc","Pc","0","0","0","Sans TVA","Exclusif","no_image.png","","NEUF|RECUP"
"","Garniture Porte Ard","CAR0162","code128","","C1","Pc","Pc","Pc","0","0","0","Sans TVA","Exclusif","no_image.png","","NEUF|RECUP"
"","Garniture Porte Arg","CAR0163","code128","","C1","Pc","Pc","Pc","0","0","0","Sans TVA","Exclusif","no_image.png","","NEUF|RECUP"
"","Gâche Porte Ard","CAR0164","code128","","C1","Pc","Pc","Pc","0","0","0","Sans TVA","Exclusif","no_image.png","","NEUF|RECUP"
"","Gâche Porte Arg","CAR0165","code128","","C1","Pc","Pc","Pc","0","0","0","Sans TVA","Exclusif","no_image.png","","NEUF|RECUP"
"","Serrure De Porte Ard","CAR0166","code128","","C1","Pc","Pc","Pc","0","0","0","Sans TVA","Exclusif","no_image.png","","NEUF|RECUP"
"","Serrure De Porte Arg","CAR0167","code128","","C1","Pc","Pc","Pc","0","0","0","Sans TVA","Exclusif","no_image.png","","NEUF|RECUP"
"","Arrêt Porte Ard","CAR0168","code128","","C1","Pc","Pc","Pc","0","0","0","Sans TVA","Exclusif","no_image.png","","NEUF|RECUP"
"","Arrêt Porte Arg","CAR0169","code128","","C1","Pc","Pc","Pc","0","0","0","Sans TVA","Exclusif","no_image.png","","NEUF|RECUP"
"","Aile Arrière D","CAR0170","code128","","C1","Pc","Pc","Pc","0","0","0","Sans TVA","Exclusif","no_image.png","","NEUF|RECUP"
"","Aile Arrière G","CAR0171","code128","","C1","Pc","Pc","Pc","0","0","0","Sans TVA","Exclusif","no_image.png","","NEUF|RECUP"
"","Doublure Aile Ard ","CAR0172","code128","","C1","Pc","Pc","Pc","0","0","0","Sans TVA","Exclusif","no_image.png","","NEUF|RECUP"
"","Doublure Aile Arg","CAR0173","code128","","C1","Pc","Pc","Pc","0","0","0","Sans TVA","Exclusif","no_image.png","","NEUF|RECUP"
"","Mal Arrière ","CAR0174","code128","","C1","Pc","Pc","Pc","0","0","0","Sans TVA","Exclusif","no_image.png","","NEUF|RECUP"
"","Hayon Ar","CAR0175","code128","","C1","Pc","Pc","Pc","0","0","0","Sans TVA","Exclusif","no_image.png","","NEUF|RECUP"
"","Lunette Ar","CAR0176","code128","","C1","Pc","Pc","Pc","0","0","0","Sans TVA","Exclusif","no_image.png","","NEUF|RECUP"
"","Baguette Mal Ar","CAR0177","code128","","C1","Pc","Pc","Pc","0","0","0","Sans TVA","Exclusif","no_image.png","","NEUF|RECUP"
"","Enjoliveur Mal Ar ","CAR0178","code128","","C1","Pc","Pc","Pc","0","0","0","Sans TVA","Exclusif","no_image.png","","NEUF|RECUP"
"","Joint Lunette Ar","CAR0179","code128","","C1","Pc","Pc","Pc","0","0","0","Sans TVA","Exclusif","no_image.png","","NEUF|RECUP"
"","Porte Battante Ard","CAR0180","code128","","C1","Pc","Pc","Pc","0","0","0","Sans TVA","Exclusif","no_image.png","","NEUF|RECUP"
"","Porte Battante Arg","CAR0181","code128","","C1","Pc","Pc","Pc","0","0","0","Sans TVA","Exclusif","no_image.png","","NEUF|RECUP"
"","Baguette Porte Battante Arg","CAR0182","code128","","C1","Pc","Pc","Pc","0","0","0","Sans TVA","Exclusif","no_image.png","","NEUF|RECUP"
"","Baguette Porte Battante Ard","CAR0183","code128","","C1","Pc","Pc","Pc","0","0","0","Sans TVA","Exclusif","no_image.png","","NEUF|RECUP"
"","Arrêt Porte Battante Ard","CAR0184","code128","","C1","Pc","Pc","Pc","0","0","0","Sans TVA","Exclusif","no_image.png","","NEUF|RECUP"
"","Arrêt Porte Battante Arg","CAR0185","code128","","C1","Pc","Pc","Pc","0","0","0","Sans TVA","Exclusif","no_image.png","","NEUF|RECUP"
"","Serrure Porte Ar ","CAR0186","code128","","C1","Pc","Pc","Pc","0","0","0","Sans TVA","Exclusif","no_image.png","","NEUF|RECUP"
"","Gâche Porte Battante Ard","CAR0187","code128","","C1","Pc","Pc","Pc","0","0","0","Sans TVA","Exclusif","no_image.png","","NEUF|RECUP"
"","Gâche Porte Battante Arg","CAR0188","code128","","C1","Pc","Pc","Pc","0","0","0","Sans TVA","Exclusif","no_image.png","","NEUF|RECUP"
"","Bras Essuie Glace Ar ","CAR0189","code128","","C1","Pc","Pc","Pc","0","0","0","Sans TVA","Exclusif","no_image.png","","NEUF|RECUP"
"","Mécanisme Essuie Glace Ar ","CAR0190","code128","","C1","Pc","Pc","Pc","0","0","0","Sans TVA","Exclusif","no_image.png","","NEUF|RECUP"
"","Joint Mal Arrière ","CAR0191","code128","","C1","Pc","Pc","Pc","0","0","0","Sans TVA","Exclusif","no_image.png","","NEUF|RECUP"
"","Joint Porte Battante Arg","CAR0192","code128","","C1","Pc","Pc","Pc","0","0","0","Sans TVA","Exclusif","no_image.png","","NEUF|RECUP"
"","Joint Porte Battante Ard","CAR0193","code128","","C1","Pc","Pc","Pc","0","0","0","Sans TVA","Exclusif","no_image.png","","NEUF|RECUP"
"","Plancher Ar ","CAR0194","code128","","C1","Pc","Pc","Pc","0","0","0","Sans TVA","Exclusif","no_image.png","","NEUF|RECUP"
"","Traverse Arrière ","CAR0195","code128","","C1","Pc","Pc","Pc","0","0","0","Sans TVA","Exclusif","no_image.png","","NEUF|RECUP"
"","Jupe Arrière ","CAR0196","code128","","C1","Pc","Pc","Pc","0","0","0","Sans TVA","Exclusif","no_image.png","","NEUF|RECUP"
"","Double Jupe Arrière ","CAR0197","code128","","C1","Pc","Pc","Pc","0","0","0","Sans TVA","Exclusif","no_image.png","","NEUF|RECUP"
"","Pare Choc Arrière ","CAR0198","code128","","C1","Pc","Pc","Pc","0","0","0","Sans TVA","Exclusif","no_image.png","","NEUF|RECUP"
"","Sabot Ard ","CAR0199","code128","","C1","Pc","Pc","Pc","0","0","0","Sans TVA","Exclusif","no_image.png","","NEUF|RECUP"
"","Sabot Arg","CAR0200","code128","","C1","Pc","Pc","Pc","0","0","0","Sans TVA","Exclusif","no_image.png","","NEUF|RECUP"
"","Pare Choc Centrale Ar","CAR0201","code128","","C1","Pc","Pc","Pc","0","0","0","Sans TVA","Exclusif","no_image.png","","NEUF|RECUP"
"","Jupe Pare Choc Ar","CAR0202","code128","","C1","Pc","Pc","Pc","0","0","0","Sans TVA","Exclusif","no_image.png","","NEUF|RECUP"
"","Fixation Pare Choc Ard","CAR0203","code128","","C1","Pc","Pc","Pc","0","0","0","Sans TVA","Exclusif","no_image.png","","NEUF|RECUP"
"","Fixation Pare Choc Arg","CAR0204","code128","","C1","Pc","Pc","Pc","0","0","0","Sans TVA","Exclusif","no_image.png","","NEUF|RECUP"
"","Jeu Fixation Pare Choc Ar","CAR0205","code128","","C1","Pc","Pc","Pc","0","0","0","Sans TVA","Exclusif","no_image.png","","NEUF|RECUP"
"","Enjoliveur Pare Choc Ar","CAR0206","code128","","C1","Pc","Pc","Pc","0","0","0","Sans TVA","Exclusif","no_image.png","","NEUF|RECUP"
"","Renfort De Pare Choc Ar","CAR0207","code128","","C1","Pc","Pc","Pc","0","0","0","Sans TVA","Exclusif","no_image.png","","NEUF|RECUP"
"","Grille De Pare Choc Ar","CAR0208","code128","","C1","Pc","Pc","Pc","0","0","0","Sans TVA","Exclusif","no_image.png","","NEUF|RECUP"
"","Cataphote Ard","CAR0209","code128","","C1","Pc","Pc","Pc","0","0","0","Sans TVA","Exclusif","no_image.png","","NEUF|RECUP"
"","Cataphote Arg","CAR0210","code128","","C1","Pc","Pc","Pc","0","0","0","Sans TVA","Exclusif","no_image.png","","NEUF|RECUP"
"","Trappe De Remorquage ","CAR0211","code128","","C1","Pc","Pc","Pc","0","0","0","Sans TVA","Exclusif","no_image.png","","NEUF|RECUP"
"","Feu Ard ","CAR0212","code128","","C1","Pc","Pc","Pc","0","0","0","Sans TVA","Exclusif","no_image.png","","NEUF|RECUP"
"","Feu Ard ","CAR0213","code128","","C1","Pc","Pc","Pc","0","0","0","Sans TVA","Exclusif","no_image.png","","NEUF|RECUP"
"","Feu Aile Ard","CAR0214","code128","","C1","Pc","Pc","Pc","0","0","0","Sans TVA","Exclusif","no_image.png","","NEUF|RECUP"
"","Feu Aile Arg","CAR0215","code128","","C1","Pc","Pc","Pc","0","0","0","Sans TVA","Exclusif","no_image.png","","NEUF|RECUP"
"","Feu Mal Ard","CAR0216","code128","","C1","Pc","Pc","Pc","0","0","0","Sans TVA","Exclusif","no_image.png","","NEUF|RECUP"
"","Feu Mal Arg","CAR0217","code128","","C1","Pc","Pc","Pc","0","0","0","Sans TVA","Exclusif","no_image.png","","NEUF|RECUP"
"","Monogramme Ar","CAR0218","code128","","C1","Pc","Pc","Pc","0","0","0","Sans TVA","Exclusif","no_image.png","","NEUF|RECUP"
"","Sigle Ar","CAR0219","code128","","C1","Pc","Pc","Pc","0","0","0","Sans TVA","Exclusif","no_image.png","","NEUF|RECUP"
"","Emblème Ar","CAR0220","code128","","C1","Pc","Pc","Pc","0","0","0","Sans TVA","Exclusif","no_image.png","","NEUF|RECUP"
"","3 Eme Feu","CAR0221","code128","","C1","Pc","Pc","Pc","0","0","0","Sans TVA","Exclusif","no_image.png","","NEUF|RECUP"
"","Feu Plaque Police","CAR0222","code128","","C1","Pc","Pc","Pc","0","0","0","Sans TVA","Exclusif","no_image.png","","NEUF|RECUP"
"","Plaque Police Ar","CAR0223","code128","","C1","Pc","Pc","Pc","0","0","0","Sans TVA","Exclusif","no_image.png","","NEUF|RECUP"
"","Plaque Police Av","CAR0224","code128","","C1","Pc","Pc","Pc","0","0","0","Sans TVA","Exclusif","no_image.png","","NEUF|RECUP"
